0 verbose cli /usr/local/Cellar/node/24.9.0_1/bin/node /usr/local/bin/npm
1 info using npm@11.6.0
2 info using node@v24.9.0
3 silly config load:file:/usr/local/lib/node_modules/npm/npmrc
4 silly config load:file:/Users/admin/Documents/codex/ekklesias/.npmrc
5 silly config load:file:/Users/admin/.npmrc
6 silly config load:file:/usr/local/etc/npmrc
7 verbose title npm install
8 verbose argv "install" "--cache" ".npm-cache"
9 verbose logfile logs-max:10 dir:/Users/admin/Documents/codex/ekklesias/.npm-cache/_logs/2026-02-18T20_14_37_914Z-
10 verbose logfile /Users/admin/Documents/codex/ekklesias/.npm-cache/_logs/2026-02-18T20_14_37_914Z-debug-0.log
11 silly logfile done cleaning log files
12 silly packumentCache heap:4496293888 maxSize:1124073472 maxEntrySize:562036736
13 silly idealTree buildDeps
14 silly fetch manifest next@14.2.5
15 silly packumentCache full:https://registry.npmjs.org/next cache-miss
16 http fetch GET 200 https://registry.npmjs.org/npm 243ms
17 http fetch GET 200 https://registry.npmjs.org/next 807ms (cache miss)
18 silly packumentCache full:https://registry.npmjs.org/next set size:undefined disposed:false
19 silly fetch manifest @opentelemetry/api@^1.1.0
20 silly packumentCache full:https://registry.npmjs.org/@opentelemetry%2fapi cache-miss
21 http fetch GET 200 https://registry.npmjs.org/@opentelemetry%2fapi 71ms (cache miss)
22 silly packumentCache full:https://registry.npmjs.org/@opentelemetry%2fapi set size:undefined disposed:false
23 silly fetch manifest @playwright/test@^1.41.2
24 silly packumentCache full:https://registry.npmjs.org/@playwright%2ftest cache-miss
25 http fetch GET 200 https://registry.npmjs.org/@playwright%2ftest 301ms (cache miss)
26 silly packumentCache full:https://registry.npmjs.org/@playwright%2ftest set size:undefined disposed:false
27 silly fetch manifest react@18.3.1
28 silly packumentCache full:https://registry.npmjs.org/react cache-miss
29 http fetch GET 200 https://registry.npmjs.org/react 209ms (cache miss)
30 silly packumentCache full:https://registry.npmjs.org/react set size:undefined disposed:false
31 silly fetch manifest react-dom@18.3.1
32 silly packumentCache full:https://registry.npmjs.org/react-dom cache-miss
33 http fetch GET 200 https://registry.npmjs.org/react-dom 227ms (cache miss)
34 silly packumentCache full:https://registry.npmjs.org/react-dom set size:undefined disposed:false
35 silly fetch manifest sass@^1.3.0
36 silly packumentCache full:https://registry.npmjs.org/sass cache-miss
37 http fetch GET 200 https://registry.npmjs.org/sass 75ms (cache miss)
38 silly packumentCache full:https://registry.npmjs.org/sass set size:undefined disposed:false
39 silly fetch manifest @types/node@20.14.10
40 silly packumentCache full:https://registry.npmjs.org/@types%2fnode cache-miss
41 http fetch GET 200 https://registry.npmjs.org/@types%2fnode 240ms (cache miss)
42 silly packumentCache full:https://registry.npmjs.org/@types%2fnode set size:undefined disposed:false
43 silly fetch manifest @types/react@18.3.3
44 silly packumentCache full:https://registry.npmjs.org/@types%2freact cache-miss
45 http fetch GET 200 https://registry.npmjs.org/@types%2freact 110ms (cache miss)
46 silly packumentCache full:https://registry.npmjs.org/@types%2freact set size:undefined disposed:false
47 silly fetch manifest @types/react-dom@18.3.0
48 silly packumentCache full:https://registry.npmjs.org/@types%2freact-dom cache-miss
49 http fetch GET 200 https://registry.npmjs.org/@types%2freact-dom 86ms (cache miss)
50 silly packumentCache full:https://registry.npmjs.org/@types%2freact-dom set size:undefined disposed:false
51 silly fetch manifest eslint@8.57.0
52 silly packumentCache full:https://registry.npmjs.org/eslint cache-miss
53 http fetch GET 200 https://registry.npmjs.org/eslint 84ms (cache miss)
54 silly packumentCache full:https://registry.npmjs.org/eslint set size:undefined disposed:false
55 silly fetch manifest eslint-config-next@14.2.5
56 silly packumentCache full:https://registry.npmjs.org/eslint-config-next cache-miss
57 http fetch GET 200 https://registry.npmjs.org/eslint-config-next 206ms (cache miss)
58 silly packumentCache full:https://registry.npmjs.org/eslint-config-next set size:undefined disposed:false
59 silly fetch manifest typescript@5.5.3
60 silly packumentCache full:https://registry.npmjs.org/typescript cache-miss
61 http fetch GET 200 https://registry.npmjs.org/typescript 275ms (cache miss)
62 silly packumentCache full:https://registry.npmjs.org/typescript set size:undefined disposed:false
63 silly placeDep ROOT @types/node@20.14.10 OK for: ekklesias@0.1.0 want: 20.14.10
64 silly placeDep ROOT @types/react@18.3.3 OK for: ekklesias@0.1.0 want: 18.3.3
65 silly placeDep ROOT @types/react-dom@18.3.0 OK for: ekklesias@0.1.0 want: 18.3.0
66 silly placeDep ROOT eslint@8.57.0 OK for: ekklesias@0.1.0 want: 8.57.0
67 silly placeDep ROOT eslint-config-next@14.2.5 OK for: ekklesias@0.1.0 want: 14.2.5
68 silly placeDep ROOT next@14.2.5 OK for: ekklesias@0.1.0 want: 14.2.5
69 silly placeDep ROOT react@18.3.1 OK for: next@14.2.5 want: ^18.2.0
70 silly placeDep ROOT react-dom@18.3.1 OK for: next@14.2.5 want: ^18.2.0
71 silly placeDep ROOT typescript@5.5.3 OK for: ekklesias@0.1.0 want: 5.5.3
72 silly fetch manifest undici-types@~5.26.4
73 silly packumentCache full:https://registry.npmjs.org/undici-types cache-miss
74 silly fetch manifest csstype@^3.0.2
75 silly packumentCache full:https://registry.npmjs.org/csstype cache-miss
76 silly fetch manifest @types/prop-types@*
77 silly packumentCache full:https://registry.npmjs.org/@types%2fprop-types cache-miss
78 silly fetch manifest ajv@^6.12.4
79 silly packumentCache full:https://registry.npmjs.org/ajv cache-miss
80 silly fetch manifest levn@^0.4.1
81 silly packumentCache full:https://registry.npmjs.org/levn cache-miss
82 silly fetch manifest chalk@^4.0.0
83 silly packumentCache full:https://registry.npmjs.org/chalk cache-miss
84 silly fetch manifest debug@^4.3.2
85 silly packumentCache full:https://registry.npmjs.org/debug cache-miss
86 http fetch GET 200 https://registry.npmjs.org/csstype 60ms (cache miss)
87 silly packumentCache full:https://registry.npmjs.org/csstype set size:undefined disposed:false
88 silly fetch manifest espree@^9.6.1
89 silly packumentCache full:https://registry.npmjs.org/espree cache-miss
90 http fetch GET 200 https://registry.npmjs.org/undici-types 79ms (cache miss)
91 silly packumentCache full:https://registry.npmjs.org/undici-types set size:undefined disposed:false
92 silly fetch manifest ignore@^5.2.0
93 silly packumentCache full:https://registry.npmjs.org/ignore cache-miss
94 http fetch GET 200 https://registry.npmjs.org/espree 57ms (cache miss)
95 silly packumentCache full:https://registry.npmjs.org/espree set size:undefined disposed:false
96 silly fetch manifest esquery@^1.4.2
97 silly packumentCache full:https://registry.npmjs.org/esquery cache-miss
98 http fetch GET 200 https://registry.npmjs.org/ignore 89ms (cache miss)
99 silly packumentCache full:https://registry.npmjs.org/ignore set size:undefined disposed:false
100 silly fetch manifest esutils@^2.0.2
101 silly packumentCache full:https://registry.npmjs.org/esutils cache-miss
102 http fetch GET 200 https://registry.npmjs.org/levn 176ms (cache miss)
103 silly packumentCache full:https://registry.npmjs.org/levn set size:undefined disposed:false
104 silly fetch manifest find-up@^5.0.0
105 silly packumentCache full:https://registry.npmjs.org/find-up cache-miss
106 http fetch GET 200 https://registry.npmjs.org/esquery 63ms (cache miss)
107 silly packumentCache full:https://registry.npmjs.org/esquery set size:undefined disposed:false
108 silly fetch manifest globals@^13.19.0
109 silly packumentCache full:https://registry.npmjs.org/globals cache-miss
110 http fetch GET 200 https://registry.npmjs.org/@types%2fprop-types 194ms (cache miss)
111 silly packumentCache full:https://registry.npmjs.org/@types%2fprop-types set size:undefined disposed:false
112 silly fetch manifest is-glob@^4.0.0
113 silly packumentCache full:https://registry.npmjs.org/is-glob cache-miss
114 http fetch GET 200 https://registry.npmjs.org/ajv 210ms (cache miss)
115 silly packumentCache full:https://registry.npmjs.org/ajv set size:undefined disposed:false
116 silly fetch manifest js-yaml@^4.1.0
117 silly packumentCache full:https://registry.npmjs.org/js-yaml cache-miss
118 http fetch GET 200 https://registry.npmjs.org/debug 219ms (cache miss)
119 silly packumentCache full:https://registry.npmjs.org/debug set size:undefined disposed:false
120 silly fetch manifest doctrine@^3.0.0
121 silly packumentCache full:https://registry.npmjs.org/doctrine cache-miss
122 http fetch GET 200 https://registry.npmjs.org/find-up 58ms (cache miss)
123 silly packumentCache full:https://registry.npmjs.org/find-up set size:undefined disposed:false
124 silly fetch manifest graphemer@^1.4.0
125 silly packumentCache full:https://registry.npmjs.org/graphemer cache-miss
126 http fetch GET 200 https://registry.npmjs.org/esutils 73ms (cache miss)
127 silly packumentCache full:https://registry.npmjs.org/esutils set size:undefined disposed:false
128 silly fetch manifest minimatch@^3.1.2
129 silly packumentCache full:https://registry.npmjs.org/minimatch cache-miss
130 http fetch GET 200 https://registry.npmjs.org/is-glob 58ms (cache miss)
131 silly packumentCache full:https://registry.npmjs.org/is-glob set size:undefined disposed:false
132 silly fetch manifest @eslint/js@8.57.0
133 silly packumentCache full:https://registry.npmjs.org/@eslint%2fjs cache-miss
134 http fetch GET 200 https://registry.npmjs.org/js-yaml 63ms (cache miss)
135 silly packumentCache full:https://registry.npmjs.org/js-yaml set size:undefined disposed:false
136 silly fetch manifest optionator@^0.9.3
137 silly packumentCache full:https://registry.npmjs.org/optionator cache-miss
138 http fetch GET 200 https://registry.npmjs.org/graphemer 50ms (cache miss)
139 silly packumentCache full:https://registry.npmjs.org/graphemer set size:undefined disposed:false
140 silly fetch manifest strip-ansi@^6.0.1
141 silly packumentCache full:https://registry.npmjs.org/strip-ansi cache-miss
142 http fetch GET 200 https://registry.npmjs.org/@eslint%2fjs 66ms (cache miss)
143 silly packumentCache full:https://registry.npmjs.org/@eslint%2fjs set size:undefined disposed:false
144 silly fetch manifest text-table@^0.2.0
145 silly packumentCache full:https://registry.npmjs.org/text-table cache-miss
146 http fetch GET 200 https://registry.npmjs.org/minimatch 79ms (cache miss)
147 silly packumentCache full:https://registry.npmjs.org/minimatch set size:undefined disposed:false
148 silly fetch manifest cross-spawn@^7.0.2
149 silly packumentCache full:https://registry.npmjs.org/cross-spawn cache-miss
150 http fetch GET 200 https://registry.npmjs.org/strip-ansi 47ms (cache miss)
151 silly packumentCache full:https://registry.npmjs.org/strip-ansi set size:undefined disposed:false
152 silly fetch manifest glob-parent@^6.0.2
153 silly packumentCache full:https://registry.npmjs.org/glob-parent cache-miss
154 http fetch GET 200 https://registry.npmjs.org/optionator 54ms (cache miss)
155 silly packumentCache full:https://registry.npmjs.org/optionator set size:undefined disposed:false
156 silly fetch manifest imurmurhash@^0.1.4
157 silly packumentCache full:https://registry.npmjs.org/imurmurhash cache-miss
158 http fetch GET 200 https://registry.npmjs.org/text-table 53ms (cache miss)
159 silly packumentCache full:https://registry.npmjs.org/text-table set size:undefined disposed:false
160 silly fetch manifest eslint-scope@^7.2.2
161 silly packumentCache full:https://registry.npmjs.org/eslint-scope cache-miss
162 http fetch GET 200 https://registry.npmjs.org/glob-parent 46ms (cache miss)
163 silly packumentCache full:https://registry.npmjs.org/glob-parent set size:undefined disposed:false
164 silly fetch manifest lodash.merge@^4.6.2
165 silly packumentCache full:https://registry.npmjs.org/lodash.merge cache-miss
166 http fetch GET 200 https://registry.npmjs.org/imurmurhash 58ms (cache miss)
167 silly packumentCache full:https://registry.npmjs.org/imurmurhash set size:undefined disposed:false
168 silly fetch manifest is-path-inside@^3.0.3
169 silly packumentCache full:https://registry.npmjs.org/is-path-inside cache-miss
170 http fetch GET 200 https://registry.npmjs.org/cross-spawn 73ms (cache miss)
171 silly packumentCache full:https://registry.npmjs.org/cross-spawn set size:undefined disposed:false
172 silly fetch manifest fast-deep-equal@^3.1.3
173 silly packumentCache full:https://registry.npmjs.org/fast-deep-equal cache-miss
174 http fetch GET 200 https://registry.npmjs.org/eslint-scope 46ms (cache miss)
175 silly packumentCache full:https://registry.npmjs.org/eslint-scope set size:undefined disposed:false
176 silly fetch manifest natural-compare@^1.4.0
177 silly packumentCache full:https://registry.npmjs.org/natural-compare cache-miss
178 http fetch GET 200 https://registry.npmjs.org/lodash.merge 49ms (cache miss)
179 silly packumentCache full:https://registry.npmjs.org/lodash.merge set size:undefined disposed:false
180 silly fetch manifest @eslint/eslintrc@^2.1.4
181 silly packumentCache full:https://registry.npmjs.org/@eslint%2feslintrc cache-miss
182 http fetch GET 200 https://registry.npmjs.org/is-path-inside 63ms (cache miss)
183 silly packumentCache full:https://registry.npmjs.org/is-path-inside set size:undefined disposed:false
184 silly fetch manifest @nodelib/fs.walk@^1.2.8
185 silly packumentCache full:https://registry.npmjs.org/@nodelib%2ffs.walk cache-miss
186 http fetch GET 200 https://registry.npmjs.org/doctrine 240ms (cache miss)
187 silly packumentCache full:https://registry.npmjs.org/doctrine set size:undefined disposed:false
188 silly fetch manifest file-entry-cache@^6.0.1
189 silly packumentCache full:https://registry.npmjs.org/file-entry-cache cache-miss
190 http fetch GET 200 https://registry.npmjs.org/natural-compare 75ms (cache miss)
191 silly packumentCache full:https://registry.npmjs.org/natural-compare set size:undefined disposed:false
192 silly fetch manifest eslint-visitor-keys@^3.4.3
193 silly packumentCache full:https://registry.npmjs.org/eslint-visitor-keys cache-miss
194 http fetch GET 200 https://registry.npmjs.org/fast-deep-equal 95ms (cache miss)
195 silly packumentCache full:https://registry.npmjs.org/fast-deep-equal set size:undefined disposed:false
196 silly fetch manifest escape-string-regexp@^4.0.0
197 silly packumentCache full:https://registry.npmjs.org/escape-string-regexp cache-miss
198 http fetch GET 200 https://registry.npmjs.org/@eslint%2feslintrc 71ms (cache miss)
199 silly packumentCache full:https://registry.npmjs.org/@eslint%2feslintrc set size:undefined disposed:false
200 silly fetch manifest @ungap/structured-clone@^1.2.0
201 silly packumentCache full:https://registry.npmjs.org/@ungap%2fstructured-clone cache-miss
202 http fetch GET 200 https://registry.npmjs.org/file-entry-cache 50ms (cache miss)
203 silly packumentCache full:https://registry.npmjs.org/file-entry-cache set size:undefined disposed:false
204 silly fetch manifest @eslint-community/regexpp@^4.6.1
205 silly packumentCache full:https://registry.npmjs.org/@eslint-community%2fregexpp cache-miss
206 http fetch GET 200 https://registry.npmjs.org/@nodelib%2ffs.walk 77ms (cache miss)
207 silly packumentCache full:https://registry.npmjs.org/@nodelib%2ffs.walk set size:undefined disposed:false
208 silly fetch manifest @humanwhocodes/config-array@^0.11.14
209 silly packumentCache full:https://registry.npmjs.org/@humanwhocodes%2fconfig-array cache-miss
210 http fetch GET 200 https://registry.npmjs.org/chalk 547ms (cache miss)
211 silly packumentCache full:https://registry.npmjs.org/chalk set size:undefined disposed:false
212 silly fetch manifest @eslint-community/eslint-utils@^4.2.0
213 silly packumentCache full:https://registry.npmjs.org/@eslint-community%2feslint-utils cache-miss
214 http fetch GET 200 https://registry.npmjs.org/eslint-visitor-keys 66ms (cache miss)
215 silly packumentCache full:https://registry.npmjs.org/eslint-visitor-keys set size:undefined disposed:false
216 silly fetch manifest @humanwhocodes/module-importer@^1.0.1
217 silly packumentCache full:https://registry.npmjs.org/@humanwhocodes%2fmodule-importer cache-miss
218 http fetch GET 200 https://registry.npmjs.org/escape-string-regexp 70ms (cache miss)
219 silly packumentCache full:https://registry.npmjs.org/escape-string-regexp set size:undefined disposed:false
220 silly fetch manifest json-stable-stringify-without-jsonify@^1.0.1
221 silly packumentCache full:https://registry.npmjs.org/json-stable-stringify-without-jsonify cache-miss
222 http fetch GET 200 https://registry.npmjs.org/@eslint-community%2fregexpp 57ms (cache miss)
223 silly packumentCache full:https://registry.npmjs.org/@eslint-community%2fregexpp set size:undefined disposed:false
224 silly fetch manifest eslint-plugin-react@^7.33.2
225 silly packumentCache full:https://registry.npmjs.org/eslint-plugin-react cache-miss
226 http fetch GET 200 https://registry.npmjs.org/@humanwhocodes%2fconfig-array 79ms (cache miss)
227 silly packumentCache full:https://registry.npmjs.org/@humanwhocodes%2fconfig-array set size:undefined disposed:false
228 silly fetch manifest eslint-plugin-import@^2.28.1
229 silly packumentCache full:https://registry.npmjs.org/eslint-plugin-import cache-miss
230 http fetch GET 200 https://registry.npmjs.org/json-stable-stringify-without-jsonify 58ms (cache miss)
231 silly packumentCache full:https://registry.npmjs.org/json-stable-stringify-without-jsonify set size:undefined disposed:false
232 silly fetch manifest eslint-plugin-jsx-a11y@^6.7.1
233 silly packumentCache full:https://registry.npmjs.org/eslint-plugin-jsx-a11y cache-miss
234 http fetch GET 200 https://registry.npmjs.org/@humanwhocodes%2fmodule-importer 68ms (cache miss)
235 silly packumentCache full:https://registry.npmjs.org/@humanwhocodes%2fmodule-importer set size:undefined disposed:false
236 silly fetch manifest @rushstack/eslint-patch@^1.3.3
237 silly packumentCache full:https://registry.npmjs.org/@rushstack%2feslint-patch cache-miss
238 http fetch GET 200 https://registry.npmjs.org/eslint-plugin-react 77ms (cache miss)
239 silly packumentCache full:https://registry.npmjs.org/eslint-plugin-react set size:undefined disposed:false
240 silly fetch manifest @next/eslint-plugin-next@14.2.5
241 silly packumentCache full:https://registry.npmjs.org/@next%2feslint-plugin-next cache-miss
242 http fetch GET 200 https://registry.npmjs.org/@eslint-community%2feslint-utils 112ms (cache miss)
243 silly packumentCache full:https://registry.npmjs.org/@eslint-community%2feslint-utils set size:undefined disposed:false
244 silly fetch manifest @typescript-eslint/parser@^5.4.2 || ^6.0.0 || 7.0.0 - 7.2.0
245 silly packumentCache full:https://registry.npmjs.org/@typescript-eslint%2fparser cache-miss
246 http fetch GET 200 https://registry.npmjs.org/eslint-plugin-jsx-a11y 61ms (cache miss)
247 silly packumentCache full:https://registry.npmjs.org/eslint-plugin-jsx-a11y set size:undefined disposed:false
248 silly fetch manifest eslint-plugin-react-hooks@^4.5.0 || 5.0.0-canary-7118f5dd7-20230705
249 silly packumentCache full:https://registry.npmjs.org/eslint-plugin-react-hooks cache-miss
250 http fetch GET 200 https://registry.npmjs.org/eslint-plugin-import 76ms (cache miss)
251 silly packumentCache full:https://registry.npmjs.org/eslint-plugin-import set size:undefined disposed:false
252 silly fetch manifest eslint-import-resolver-node@^0.3.6
253 silly packumentCache full:https://registry.npmjs.org/eslint-import-resolver-node cache-miss
254 http fetch GET 200 https://registry.npmjs.org/@rushstack%2feslint-patch 72ms (cache miss)
255 silly packumentCache full:https://registry.npmjs.org/@rushstack%2feslint-patch set size:undefined disposed:false
256 silly fetch manifest eslint-import-resolver-typescript@^3.5.2
257 silly packumentCache full:https://registry.npmjs.org/eslint-import-resolver-typescript cache-miss
258 http fetch GET 200 https://registry.npmjs.org/@ungap%2fstructured-clone 292ms (cache miss)
259 silly packumentCache full:https://registry.npmjs.org/@ungap%2fstructured-clone set size:undefined disposed:false
260 silly fetch manifest busboy@1.6.0
261 silly packumentCache full:https://registry.npmjs.org/busboy cache-miss
262 http fetch GET 200 https://registry.npmjs.org/eslint-import-resolver-typescript 98ms (cache miss)
263 silly packumentCache full:https://registry.npmjs.org/eslint-import-resolver-typescript set size:undefined disposed:false
264 silly fetch manifest postcss@8.4.31
265 silly packumentCache full:https://registry.npmjs.org/postcss cache-miss
266 http fetch GET 200 https://registry.npmjs.org/globals 735ms (cache miss)
267 silly packumentCache full:https://registry.npmjs.org/globals set size:undefined disposed:false
268 silly fetch manifest @next/env@14.2.5
269 silly packumentCache full:https://registry.npmjs.org/@next%2fenv cache-miss
270 http fetch GET 200 https://registry.npmjs.org/@next%2feslint-plugin-next 319ms (cache miss)
271 silly packumentCache full:https://registry.npmjs.org/@next%2feslint-plugin-next set size:undefined disposed:false
272 silly fetch manifest styled-jsx@5.1.1
273 silly packumentCache full:https://registry.npmjs.org/styled-jsx cache-miss
274 http fetch GET 200 https://registry.npmjs.org/busboy 227ms (cache miss)
275 silly packumentCache full:https://registry.npmjs.org/busboy set size:undefined disposed:false
276 silly fetch manifest graceful-fs@^4.2.11
277 silly packumentCache full:https://registry.npmjs.org/graceful-fs cache-miss
278 http fetch GET 200 https://registry.npmjs.org/eslint-import-resolver-node 335ms (cache miss)
279 silly packumentCache full:https://registry.npmjs.org/eslint-import-resolver-node set size:undefined disposed:false
280 silly fetch manifest @swc/helpers@0.5.5
281 silly packumentCache full:https://registry.npmjs.org/@swc%2fhelpers cache-miss
282 http fetch GET 200 https://registry.npmjs.org/postcss 250ms (cache miss)
283 silly packumentCache full:https://registry.npmjs.org/postcss set size:undefined disposed:false
284 silly fetch manifest caniuse-lite@^1.0.30001579
285 silly packumentCache full:https://registry.npmjs.org/caniuse-lite cache-miss
286 http fetch GET 200 https://registry.npmjs.org/eslint-plugin-react-hooks 384ms (cache miss)
287 silly packumentCache full:https://registry.npmjs.org/eslint-plugin-react-hooks set size:undefined disposed:false
288 silly fetch manifest @next/swc-darwin-x64@14.2.5
289 silly packumentCache full:https://registry.npmjs.org/@next%2fswc-darwin-x64 cache-miss
290 http fetch GET 200 https://registry.npmjs.org/graceful-fs 117ms (cache miss)
291 silly packumentCache full:https://registry.npmjs.org/graceful-fs set size:undefined disposed:false
292 silly fetch manifest @next/swc-darwin-arm64@14.2.5
293 silly packumentCache full:https://registry.npmjs.org/@next%2fswc-darwin-arm64 cache-miss
294 http fetch GET 200 https://registry.npmjs.org/styled-jsx 140ms (cache miss)
295 silly packumentCache full:https://registry.npmjs.org/styled-jsx set size:undefined disposed:false
296 silly fetch manifest @next/swc-linux-x64-gnu@14.2.5
297 silly packumentCache full:https://registry.npmjs.org/@next%2fswc-linux-x64-gnu cache-miss
298 http fetch GET 200 https://registry.npmjs.org/@swc%2fhelpers 120ms (cache miss)
299 silly packumentCache full:https://registry.npmjs.org/@swc%2fhelpers set size:undefined disposed:false
300 silly fetch manifest @next/swc-linux-x64-musl@14.2.5
301 silly packumentCache full:https://registry.npmjs.org/@next%2fswc-linux-x64-musl cache-miss
302 http fetch GET 200 https://registry.npmjs.org/caniuse-lite 162ms (cache miss)
303 silly packumentCache full:https://registry.npmjs.org/caniuse-lite set size:undefined disposed:false
304 silly fetch manifest @next/swc-win32-x64-msvc@14.2.5
305 silly packumentCache full:https://registry.npmjs.org/@next%2fswc-win32-x64-msvc cache-miss
306 http fetch GET 200 https://registry.npmjs.org/@next%2fenv 789ms (cache miss)
307 silly packumentCache full:https://registry.npmjs.org/@next%2fenv set size:undefined disposed:false
308 silly fetch manifest @next/swc-linux-arm64-gnu@14.2.5
309 silly packumentCache full:https://registry.npmjs.org/@next%2fswc-linux-arm64-gnu cache-miss
310 http fetch GET 200 https://registry.npmjs.org/@next%2fswc-linux-x64-gnu 676ms (cache miss)
311 silly packumentCache full:https://registry.npmjs.org/@next%2fswc-linux-x64-gnu set size:undefined disposed:false
312 silly fetch manifest @next/swc-win32-ia32-msvc@14.2.5
313 silly packumentCache full:https://registry.npmjs.org/@next%2fswc-win32-ia32-msvc cache-miss
314 http fetch GET 200 https://registry.npmjs.org/@next%2fswc-darwin-x64 761ms (cache miss)
315 silly packumentCache full:https://registry.npmjs.org/@next%2fswc-darwin-x64 set size:undefined disposed:false
316 silly fetch manifest @next/swc-linux-arm64-musl@14.2.5
317 silly packumentCache full:https://registry.npmjs.org/@next%2fswc-linux-arm64-musl cache-miss
318 http fetch GET 200 https://registry.npmjs.org/@typescript-eslint%2fparser 1296ms (cache miss)
319 silly packumentCache full:https://registry.npmjs.org/@typescript-eslint%2fparser set size:undefined disposed:false
320 silly fetch manifest @next/swc-win32-arm64-msvc@14.2.5
321 silly packumentCache full:https://registry.npmjs.org/@next%2fswc-win32-arm64-msvc cache-miss
322 http fetch GET 200 https://registry.npmjs.org/@next%2fswc-darwin-arm64 952ms (cache miss)
323 silly packumentCache full:https://registry.npmjs.org/@next%2fswc-darwin-arm64 set size:undefined disposed:false
324 silly fetch manifest scheduler@^0.23.2
325 silly packumentCache full:https://registry.npmjs.org/scheduler cache-miss
326 http fetch GET 200 https://registry.npmjs.org/@next%2fswc-linux-x64-musl 976ms (cache miss)
327 silly packumentCache full:https://registry.npmjs.org/@next%2fswc-linux-x64-musl set size:undefined disposed:false
328 silly fetch manifest loose-envify@^1.1.0
329 silly packumentCache full:https://registry.npmjs.org/loose-envify cache-miss
330 http fetch GET 200 https://registry.npmjs.org/@next%2fswc-win32-x64-msvc 936ms (cache miss)
331 silly packumentCache full:https://registry.npmjs.org/@next%2fswc-win32-x64-msvc set size:undefined disposed:false
332 silly fetch manifest loose-envify@^1.1.0
333 silly packumentCache full:https://registry.npmjs.org/loose-envify cache-miss
334 http fetch GET 200 https://registry.npmjs.org/@next%2fswc-win32-ia32-msvc 378ms (cache miss)
335 silly packumentCache full:https://registry.npmjs.org/@next%2fswc-win32-ia32-msvc set size:undefined disposed:false
336 http fetch GET 200 https://registry.npmjs.org/@next%2fswc-linux-arm64-gnu 501ms (cache miss)
337 silly packumentCache full:https://registry.npmjs.org/@next%2fswc-linux-arm64-gnu set size:undefined disposed:false
338 http fetch GET 200 https://registry.npmjs.org/loose-envify 117ms (cache miss)
339 silly packumentCache full:https://registry.npmjs.org/loose-envify set size:undefined disposed:false
340 http fetch GET 200 https://registry.npmjs.org/loose-envify 102ms (cache miss)
341 silly packumentCache full:https://registry.npmjs.org/loose-envify set size:undefined disposed:false
342 http fetch GET 200 https://registry.npmjs.org/@next%2fswc-win32-arm64-msvc 443ms (cache miss)
343 silly packumentCache full:https://registry.npmjs.org/@next%2fswc-win32-arm64-msvc set size:undefined disposed:false
344 http fetch GET 200 https://registry.npmjs.org/scheduler 436ms (cache miss)
345 silly packumentCache full:https://registry.npmjs.org/scheduler set size:undefined disposed:false
346 http fetch GET 200 https://registry.npmjs.org/@next%2fswc-linux-arm64-musl 683ms (cache miss)
347 silly packumentCache full:https://registry.npmjs.org/@next%2fswc-linux-arm64-musl set size:undefined disposed:false
348 silly placeDep ROOT undici-types@5.26.5 OK for: @types/node@20.14.10 want: ~5.26.4
349 silly placeDep ROOT @types/prop-types@15.7.15 OK for: @types/react@18.3.3 want: *
350 silly placeDep ROOT csstype@3.2.3 OK for: @types/react@18.3.3 want: ^3.0.2
351 silly fetch manifest eslint@^6.0.0 || ^7.0.0 || >=8.0.0
352 silly packumentCache full:https://registry.npmjs.org/eslint cache-miss
353 http cache https://registry.npmjs.org/eslint 11ms (cache hit)
354 silly packumentCache full:https://registry.npmjs.org/eslint set size:1929113 disposed:false
355 silly fetch manifest jiti@*
356 silly packumentCache full:https://registry.npmjs.org/jiti cache-miss
357 http fetch GET 200 https://registry.npmjs.org/jiti 57ms (cache miss)
358 silly packumentCache full:https://registry.npmjs.org/jiti set size:undefined disposed:false
359 silly placeDep ROOT @eslint-community/eslint-utils@4.9.1 OK for: eslint@8.57.0 want: ^4.2.0
360 silly placeDep ROOT @eslint-community/regexpp@4.12.2 OK for: eslint@8.57.0 want: ^4.6.1
361 silly placeDep ROOT @eslint/eslintrc@2.1.4 OK for: eslint@8.57.0 want: ^2.1.4
362 silly placeDep ROOT @eslint/js@8.57.0 OK for: eslint@8.57.0 want: 8.57.0
363 silly placeDep ROOT @humanwhocodes/config-array@0.11.14 OK for: eslint@8.57.0 want: ^0.11.14
364 silly placeDep ROOT @humanwhocodes/module-importer@1.0.1 OK for: eslint@8.57.0 want: ^1.0.1
365 silly placeDep ROOT @nodelib/fs.walk@1.2.8 OK for: eslint@8.57.0 want: ^1.2.8
366 silly placeDep ROOT @ungap/structured-clone@1.3.0 OK for: eslint@8.57.0 want: ^1.2.0
367 silly placeDep ROOT ajv@6.12.6 OK for: eslint@8.57.0 want: ^6.12.4
368 silly placeDep ROOT chalk@4.1.2 OK for: eslint@8.57.0 want: ^4.0.0
369 silly placeDep ROOT cross-spawn@7.0.6 OK for: eslint@8.57.0 want: ^7.0.2
370 silly placeDep ROOT debug@4.4.3 OK for: eslint@8.57.0 want: ^4.3.2
371 silly placeDep ROOT doctrine@3.0.0 OK for: eslint@8.57.0 want: ^3.0.0
372 silly placeDep ROOT escape-string-regexp@4.0.0 OK for: eslint@8.57.0 want: ^4.0.0
373 silly placeDep ROOT eslint-scope@7.2.2 OK for: eslint@8.57.0 want: ^7.2.2
374 silly placeDep ROOT eslint-visitor-keys@3.4.3 OK for: eslint@8.57.0 want: ^3.4.3
375 silly placeDep ROOT espree@9.6.1 OK for: eslint@8.57.0 want: ^9.6.1
376 silly placeDep ROOT esquery@1.7.0 OK for: eslint@8.57.0 want: ^1.4.2
377 silly placeDep ROOT esutils@2.0.3 OK for: eslint@8.57.0 want: ^2.0.2
378 silly placeDep ROOT fast-deep-equal@3.1.3 OK for: eslint@8.57.0 want: ^3.1.3
379 silly placeDep ROOT file-entry-cache@6.0.1 OK for: eslint@8.57.0 want: ^6.0.1
380 silly placeDep ROOT find-up@5.0.0 OK for: eslint@8.57.0 want: ^5.0.0
381 silly placeDep ROOT glob-parent@6.0.2 OK for: eslint@8.57.0 want: ^6.0.2
382 silly placeDep ROOT globals@13.24.0 OK for: eslint@8.57.0 want: ^13.19.0
383 silly placeDep ROOT graphemer@1.4.0 OK for: eslint@8.57.0 want: ^1.4.0
384 silly placeDep ROOT ignore@5.3.2 OK for: eslint@8.57.0 want: ^5.2.0
385 silly placeDep ROOT imurmurhash@0.1.4 OK for: eslint@8.57.0 want: ^0.1.4
386 silly placeDep ROOT is-glob@4.0.3 OK for: eslint@8.57.0 want: ^4.0.0
387 silly placeDep ROOT is-path-inside@3.0.3 OK for: eslint@8.57.0 want: ^3.0.3
388 silly placeDep ROOT js-yaml@4.1.1 OK for: eslint@8.57.0 want: ^4.1.0
389 silly placeDep ROOT json-stable-stringify-without-jsonify@1.0.1 OK for: eslint@8.57.0 want: ^1.0.1
390 silly placeDep ROOT levn@0.4.1 OK for: eslint@8.57.0 want: ^0.4.1
391 silly placeDep ROOT lodash.merge@4.6.2 OK for: eslint@8.57.0 want: ^4.6.2
392 silly placeDep ROOT minimatch@3.1.2 OK for: eslint@8.57.0 want: ^3.1.2
393 silly placeDep ROOT natural-compare@1.4.0 OK for: eslint@8.57.0 want: ^1.4.0
394 silly placeDep ROOT optionator@0.9.4 OK for: eslint@8.57.0 want: ^0.9.3
395 silly placeDep ROOT strip-ansi@6.0.1 OK for: eslint@8.57.0 want: ^6.0.1
396 silly placeDep ROOT text-table@0.2.0 OK for: eslint@8.57.0 want: ^0.2.0
397 silly fetch manifest espree@^9.6.0
398 silly packumentCache full:https://registry.npmjs.org/espree cache-miss
399 silly fetch manifest import-fresh@^3.2.1
400 silly packumentCache full:https://registry.npmjs.org/import-fresh cache-miss
401 silly fetch manifest strip-json-comments@^3.1.1
402 silly packumentCache full:https://registry.npmjs.org/strip-json-comments cache-miss
403 silly fetch manifest debug@^4.3.1
404 silly packumentCache full:https://registry.npmjs.org/debug cache-miss
405 silly fetch manifest minimatch@^3.0.5
406 silly packumentCache full:https://registry.npmjs.org/minimatch cache-miss
407 silly fetch manifest @humanwhocodes/object-schema@^2.0.2
408 silly packumentCache full:https://registry.npmjs.org/@humanwhocodes%2fobject-schema cache-miss
409 silly fetch manifest fastq@^1.6.0
410 silly packumentCache full:https://registry.npmjs.org/fastq cache-miss
411 http cache https://registry.npmjs.org/minimatch 6ms (cache hit)
412 silly packumentCache full:https://registry.npmjs.org/minimatch set size:313284 disposed:false
413 silly fetch manifest @nodelib/fs.scandir@2.1.5
414 silly packumentCache full:https://registry.npmjs.org/@nodelib%2ffs.scandir cache-miss
415 http cache https://registry.npmjs.org/espree 12ms (cache hit)
416 silly packumentCache full:https://registry.npmjs.org/espree set size:320553 disposed:false
417 silly fetch manifest uri-js@^4.2.2
418 silly packumentCache full:https://registry.npmjs.org/uri-js cache-miss
419 http cache https://registry.npmjs.org/debug 15ms (cache hit)
420 silly packumentCache full:https://registry.npmjs.org/debug set size:195840 disposed:false
421 silly fetch manifest fast-deep-equal@^3.1.1
422 silly packumentCache full:https://registry.npmjs.org/fast-deep-equal cache-miss
423 http cache https://registry.npmjs.org/fast-deep-equal 2ms (cache hit)
424 silly packumentCache full:https://registry.npmjs.org/fast-deep-equal set size:48634 disposed:false
425 silly fetch manifest json-schema-traverse@^0.4.1
426 silly packumentCache full:https://registry.npmjs.org/json-schema-traverse cache-miss
427 http fetch GET 200 https://registry.npmjs.org/import-fresh 66ms (cache miss)
428 silly packumentCache full:https://registry.npmjs.org/import-fresh set size:undefined disposed:false
429 silly fetch manifest fast-json-stable-stringify@^2.0.0
430 silly packumentCache full:https://registry.npmjs.org/fast-json-stable-stringify cache-miss
431 http fetch GET 200 https://registry.npmjs.org/json-schema-traverse 47ms (cache miss)
432 silly packumentCache full:https://registry.npmjs.org/json-schema-traverse set size:undefined disposed:false
433 silly fetch manifest ansi-styles@^4.1.0
434 silly packumentCache full:https://registry.npmjs.org/ansi-styles cache-miss
435 http fetch GET 200 https://registry.npmjs.org/uri-js 63ms (cache miss)
436 silly packumentCache full:https://registry.npmjs.org/uri-js set size:undefined disposed:false
437 silly fetch manifest supports-color@^7.1.0
438 silly packumentCache full:https://registry.npmjs.org/supports-color cache-miss
439 http fetch GET 200 https://registry.npmjs.org/@nodelib%2ffs.scandir 75ms (cache miss)
440 silly packumentCache full:https://registry.npmjs.org/@nodelib%2ffs.scandir set size:undefined disposed:false
441 silly fetch manifest which@^2.0.1
442 silly packumentCache full:https://registry.npmjs.org/which cache-miss
443 http fetch GET 200 https://registry.npmjs.org/@humanwhocodes%2fobject-schema 93ms (cache miss)
444 silly packumentCache full:https://registry.npmjs.org/@humanwhocodes%2fobject-schema set size:undefined disposed:false
445 silly fetch manifest path-key@^3.1.0
446 silly packumentCache full:https://registry.npmjs.org/path-key cache-miss
447 http fetch GET 200 https://registry.npmjs.org/fastq 102ms (cache miss)
448 silly packumentCache full:https://registry.npmjs.org/fastq set size:undefined disposed:false
449 silly fetch manifest shebang-command@^2.0.0
450 silly packumentCache full:https://registry.npmjs.org/shebang-command cache-miss
451 http fetch GET 200 https://registry.npmjs.org/ansi-styles 49ms (cache miss)
452 silly packumentCache full:https://registry.npmjs.org/ansi-styles set size:undefined disposed:false
453 silly fetch manifest ms@^2.1.3
454 silly packumentCache full:https://registry.npmjs.org/ms cache-miss
455 http fetch GET 200 https://registry.npmjs.org/supports-color 52ms (cache miss)
456 silly packumentCache full:https://registry.npmjs.org/supports-color set size:undefined disposed:false
457 silly fetch manifest esrecurse@^4.3.0
458 silly packumentCache full:https://registry.npmjs.org/esrecurse cache-miss
459 http fetch GET 200 https://registry.npmjs.org/fast-json-stable-stringify 67ms (cache miss)
460 silly packumentCache full:https://registry.npmjs.org/fast-json-stable-stringify set size:undefined disposed:false
461 silly fetch manifest estraverse@^5.2.0
462 silly packumentCache full:https://registry.npmjs.org/estraverse cache-miss
463 http fetch GET 200 https://registry.npmjs.org/path-key 50ms (cache miss)
464 silly packumentCache full:https://registry.npmjs.org/path-key set size:undefined disposed:false
465 silly fetch manifest acorn@^8.9.0
466 silly packumentCache full:https://registry.npmjs.org/acorn cache-miss
467 http fetch GET 200 https://registry.npmjs.org/which 65ms (cache miss)
468 silly packumentCache full:https://registry.npmjs.org/which set size:undefined disposed:false
469 silly fetch manifest acorn-jsx@^5.3.2
470 silly packumentCache full:https://registry.npmjs.org/acorn-jsx cache-miss
471 http fetch GET 200 https://registry.npmjs.org/ms 51ms (cache miss)
472 silly packumentCache full:https://registry.npmjs.org/ms set size:undefined disposed:false
473 silly fetch manifest estraverse@^5.1.0
474 silly packumentCache full:https://registry.npmjs.org/estraverse cache-miss
475 http fetch GET 200 https://registry.npmjs.org/shebang-command 84ms (cache miss)
476 silly packumentCache full:https://registry.npmjs.org/shebang-command set size:undefined disposed:false
477 silly fetch manifest flat-cache@^3.0.4
478 silly packumentCache full:https://registry.npmjs.org/flat-cache cache-miss
479 http fetch GET 200 https://registry.npmjs.org/acorn 62ms (cache miss)
480 silly packumentCache full:https://registry.npmjs.org/acorn set size:undefined disposed:false
481 silly fetch manifest locate-path@^6.0.0
482 silly packumentCache full:https://registry.npmjs.org/locate-path cache-miss
483 http fetch GET 200 https://registry.npmjs.org/estraverse 80ms (cache miss)
484 silly packumentCache full:https://registry.npmjs.org/estraverse set size:undefined disposed:false
485 silly fetch manifest path-exists@^4.0.0
486 silly packumentCache full:https://registry.npmjs.org/path-exists cache-miss
487 http fetch GET 200 https://registry.npmjs.org/estraverse 48ms (cache miss)
488 silly packumentCache full:https://registry.npmjs.org/estraverse set size:undefined disposed:false
489 silly fetch manifest is-glob@^4.0.3
490 silly packumentCache full:https://registry.npmjs.org/is-glob cache-miss
491 http cache https://registry.npmjs.org/is-glob 3ms (cache hit)
492 silly packumentCache full:https://registry.npmjs.org/is-glob set size:40530 disposed:false
493 silly fetch manifest type-fest@^0.20.2
494 silly packumentCache full:https://registry.npmjs.org/type-fest cache-miss
495 http fetch GET 200 https://registry.npmjs.org/acorn-jsx 78ms (cache miss)
496 silly packumentCache full:https://registry.npmjs.org/acorn-jsx set size:undefined disposed:false
497 silly fetch manifest is-extglob@^2.1.1
498 silly packumentCache full:https://registry.npmjs.org/is-extglob cache-miss
499 http fetch GET 200 https://registry.npmjs.org/strip-json-comments 239ms (cache miss)
500 silly packumentCache full:https://registry.npmjs.org/strip-json-comments set size:undefined disposed:false
501 silly fetch manifest argparse@^2.0.1
502 silly packumentCache full:https://registry.npmjs.org/argparse cache-miss
503 http fetch GET 200 https://registry.npmjs.org/locate-path 52ms (cache miss)
504 silly packumentCache full:https://registry.npmjs.org/locate-path set size:undefined disposed:false
505 silly fetch manifest prelude-ls@^1.2.1
506 silly packumentCache full:https://registry.npmjs.org/prelude-ls cache-miss
507 http fetch GET 200 https://registry.npmjs.org/path-exists 87ms (cache miss)
508 silly packumentCache full:https://registry.npmjs.org/path-exists set size:undefined disposed:false
509 silly fetch manifest type-check@~0.4.0
510 silly packumentCache full:https://registry.npmjs.org/type-check cache-miss
511 http fetch GET 200 https://registry.npmjs.org/flat-cache 115ms (cache miss)
512 silly packumentCache full:https://registry.npmjs.org/flat-cache set size:undefined disposed:false
513 silly fetch manifest brace-expansion@^1.1.7
514 silly packumentCache full:https://registry.npmjs.org/brace-expansion cache-miss
515 http fetch GET 200 https://registry.npmjs.org/is-extglob 77ms (cache miss)
516 silly packumentCache full:https://registry.npmjs.org/is-extglob set size:undefined disposed:false
517 silly fetch manifest prelude-ls@^1.2.1
518 silly packumentCache full:https://registry.npmjs.org/prelude-ls cache-miss
519 http fetch GET 200 https://registry.npmjs.org/argparse 68ms (cache miss)
520 silly packumentCache full:https://registry.npmjs.org/argparse set size:undefined disposed:false
521 silly fetch manifest deep-is@^0.1.3
522 silly packumentCache full:https://registry.npmjs.org/deep-is cache-miss
523 http fetch GET 200 https://registry.npmjs.org/type-fest 85ms (cache miss)
524 silly packumentCache full:https://registry.npmjs.org/type-fest set size:undefined disposed:false
525 silly fetch manifest word-wrap@^1.2.5
526 silly packumentCache full:https://registry.npmjs.org/word-wrap cache-miss
527 http fetch GET 200 https://registry.npmjs.org/prelude-ls 64ms (cache miss)
528 silly packumentCache full:https://registry.npmjs.org/prelude-ls set size:undefined disposed:false
529 silly fetch manifest type-check@^0.4.0
530 silly packumentCache full:https://registry.npmjs.org/type-check cache-miss
531 http fetch GET 200 https://registry.npmjs.org/type-check 53ms (cache miss)
532 silly packumentCache full:https://registry.npmjs.org/type-check set size:undefined disposed:false
533 silly fetch manifest fast-levenshtein@^2.0.6
534 silly packumentCache full:https://registry.npmjs.org/fast-levenshtein cache-miss
535 http fetch GET 200 https://registry.npmjs.org/deep-is 53ms (cache miss)
536 silly packumentCache full:https://registry.npmjs.org/deep-is set size:undefined disposed:false
537 silly fetch manifest ansi-regex@^5.0.1
538 silly packumentCache full:https://registry.npmjs.org/ansi-regex cache-miss
539 http fetch GET 200 https://registry.npmjs.org/esrecurse 238ms (cache miss)
540 silly packumentCache full:https://registry.npmjs.org/esrecurse set size:undefined disposed:false
541 http fetch GET 200 https://registry.npmjs.org/type-check 46ms (cache miss)
542 silly packumentCache full:https://registry.npmjs.org/type-check set size:undefined disposed:false
543 http fetch GET 200 https://registry.npmjs.org/word-wrap 61ms (cache miss)
544 silly packumentCache full:https://registry.npmjs.org/word-wrap set size:undefined disposed:false
545 http fetch GET 200 https://registry.npmjs.org/prelude-ls 75ms (cache miss)
546 silly packumentCache full:https://registry.npmjs.org/prelude-ls set size:undefined disposed:false
547 http fetch GET 200 https://registry.npmjs.org/brace-expansion 90ms (cache miss)
548 silly packumentCache full:https://registry.npmjs.org/brace-expansion set size:undefined disposed:false
549 http fetch GET 200 https://registry.npmjs.org/ansi-regex 48ms (cache miss)
550 silly packumentCache full:https://registry.npmjs.org/ansi-regex set size:undefined disposed:false
551 http fetch GET 200 https://registry.npmjs.org/fast-levenshtein 58ms (cache miss)
552 silly packumentCache full:https://registry.npmjs.org/fast-levenshtein set size:undefined disposed:false
553 silly placeDep ROOT import-fresh@3.3.1 OK for: @eslint/eslintrc@2.1.4 want: ^3.2.1
554 silly placeDep ROOT strip-json-comments@3.1.1 OK for: @eslint/eslintrc@2.1.4 want: ^3.1.1
555 silly fetch manifest parent-module@^1.0.0
556 silly packumentCache full:https://registry.npmjs.org/parent-module cache-miss
557 silly fetch manifest resolve-from@^4.0.0
558 silly packumentCache full:https://registry.npmjs.org/resolve-from cache-miss
559 http fetch GET 200 https://registry.npmjs.org/parent-module 51ms (cache miss)
560 silly packumentCache full:https://registry.npmjs.org/parent-module set size:undefined disposed:false
561 http fetch GET 200 https://registry.npmjs.org/resolve-from 60ms (cache miss)
562 silly packumentCache full:https://registry.npmjs.org/resolve-from set size:undefined disposed:false
563 silly placeDep ROOT @humanwhocodes/object-schema@2.0.3 OK for: @humanwhocodes/config-array@0.11.14 want: ^2.0.2
564 silly placeDep ROOT @nodelib/fs.scandir@2.1.5 OK for: @nodelib/fs.walk@1.2.8 want: 2.1.5
565 silly placeDep ROOT fastq@1.20.1 OK for: @nodelib/fs.walk@1.2.8 want: ^1.6.0
566 silly fetch manifest run-parallel@^1.1.9
567 silly packumentCache full:https://registry.npmjs.org/run-parallel cache-miss
568 silly fetch manifest @nodelib/fs.stat@2.0.5
569 silly packumentCache full:https://registry.npmjs.org/@nodelib%2ffs.stat cache-miss
570 silly fetch manifest reusify@^1.0.4
571 silly packumentCache full:https://registry.npmjs.org/reusify cache-miss
572 http fetch GET 200 https://registry.npmjs.org/@nodelib%2ffs.stat 79ms (cache miss)
573 silly packumentCache full:https://registry.npmjs.org/@nodelib%2ffs.stat set size:undefined disposed:false
574 http fetch GET 200 https://registry.npmjs.org/reusify 89ms (cache miss)
575 silly packumentCache full:https://registry.npmjs.org/reusify set size:undefined disposed:false
576 http fetch GET 200 https://registry.npmjs.org/run-parallel 230ms (cache miss)
577 silly packumentCache full:https://registry.npmjs.org/run-parallel set size:undefined disposed:false
578 silly placeDep ROOT @nodelib/fs.stat@2.0.5 OK for: @nodelib/fs.scandir@2.1.5 want: 2.0.5
579 silly placeDep ROOT run-parallel@1.2.0 OK for: @nodelib/fs.scandir@2.1.5 want: ^1.1.9
580 silly fetch manifest queue-microtask@^1.2.2
581 silly packumentCache full:https://registry.npmjs.org/queue-microtask cache-miss
582 http fetch GET 200 https://registry.npmjs.org/queue-microtask 52ms (cache miss)
583 silly packumentCache full:https://registry.npmjs.org/queue-microtask set size:undefined disposed:false
584 silly placeDep ROOT fast-json-stable-stringify@2.1.0 OK for: ajv@6.12.6 want: ^2.0.0
585 silly placeDep ROOT json-schema-traverse@0.4.1 OK for: ajv@6.12.6 want: ^0.4.1
586 silly placeDep ROOT uri-js@4.4.1 OK for: ajv@6.12.6 want: ^4.2.2
587 silly fetch manifest punycode@^2.1.0
588 silly packumentCache full:https://registry.npmjs.org/punycode cache-miss
589 http fetch GET 200 https://registry.npmjs.org/punycode 50ms (cache miss)
590 silly packumentCache full:https://registry.npmjs.org/punycode set size:undefined disposed:false
591 silly placeDep ROOT ansi-styles@4.3.0 OK for: chalk@4.1.2 want: ^4.1.0
592 silly placeDep ROOT supports-color@7.2.0 OK for: chalk@4.1.2 want: ^7.1.0
593 silly fetch manifest color-convert@^2.0.1
594 silly packumentCache full:https://registry.npmjs.org/color-convert cache-miss
595 silly fetch manifest has-flag@^4.0.0
596 silly packumentCache full:https://registry.npmjs.org/has-flag cache-miss
597 http fetch GET 200 https://registry.npmjs.org/color-convert 73ms (cache miss)
598 silly packumentCache full:https://registry.npmjs.org/color-convert set size:undefined disposed:false
599 http fetch GET 200 https://registry.npmjs.org/has-flag 231ms (cache miss)
600 silly packumentCache full:https://registry.npmjs.org/has-flag set size:undefined disposed:false
601 silly placeDep ROOT color-convert@2.0.1 OK for: ansi-styles@4.3.0 want: ^2.0.1
602 silly fetch manifest color-name@~1.1.4
603 silly packumentCache full:https://registry.npmjs.org/color-name cache-miss
604 http fetch GET 200 https://registry.npmjs.org/color-name 73ms (cache miss)
605 silly packumentCache full:https://registry.npmjs.org/color-name set size:undefined disposed:false
606 silly placeDep ROOT color-name@1.1.4 OK for: color-convert@2.0.1 want: ~1.1.4
607 silly placeDep ROOT path-key@3.1.1 OK for: cross-spawn@7.0.6 want: ^3.1.0
608 silly placeDep ROOT shebang-command@2.0.0 OK for: cross-spawn@7.0.6 want: ^2.0.0
609 silly placeDep ROOT which@2.0.2 OK for: cross-spawn@7.0.6 want: ^2.0.1
610 silly fetch manifest shebang-regex@^3.0.0
611 silly packumentCache full:https://registry.npmjs.org/shebang-regex cache-miss
612 silly fetch manifest isexe@^2.0.0
613 silly packumentCache full:https://registry.npmjs.org/isexe cache-miss
614 http fetch GET 200 https://registry.npmjs.org/isexe 52ms (cache miss)
615 silly packumentCache full:https://registry.npmjs.org/isexe set size:undefined disposed:false
616 http fetch GET 200 https://registry.npmjs.org/shebang-regex 80ms (cache miss)
617 silly packumentCache full:https://registry.npmjs.org/shebang-regex set size:undefined disposed:false
618 silly placeDep ROOT ms@2.1.3 OK for: debug@4.4.3 want: ^2.1.3
619 silly fetch manifest eslint@^7.23.0 || ^8.0.0
620 silly packumentCache full:https://registry.npmjs.org/eslint cache-miss
621 http cache https://registry.npmjs.org/eslint 6ms (cache hit)
622 silly packumentCache full:https://registry.npmjs.org/eslint set size:1929113 disposed:false
623 silly fetch manifest eslint-plugin-import-x@*
624 silly packumentCache full:https://registry.npmjs.org/eslint-plugin-import-x cache-miss
625 http fetch GET 200 https://registry.npmjs.org/eslint-plugin-import-x 52ms (cache miss)
626 silly packumentCache full:https://registry.npmjs.org/eslint-plugin-import-x set size:undefined disposed:false
627 silly fetch manifest @typescript-eslint/utils@^8.0.0
628 silly packumentCache full:https://registry.npmjs.org/@typescript-eslint%2futils cache-miss
629 http fetch GET 200 https://registry.npmjs.org/@typescript-eslint%2futils 437ms (cache miss)
630 silly packumentCache full:https://registry.npmjs.org/@typescript-eslint%2futils set size:undefined disposed:false
631 silly fetch manifest typescript@>=3.3.1
632 silly packumentCache full:https://registry.npmjs.org/typescript cache-miss
633 http cache https://registry.npmjs.org/typescript 31ms (cache hit)
634 silly packumentCache full:https://registry.npmjs.org/typescript set size:15261362 disposed:false
635 silly placeDep ROOT @next/eslint-plugin-next@14.2.5 OK for: eslint-config-next@14.2.5 want: 14.2.5
636 silly placeDep ROOT @rushstack/eslint-patch@1.15.0 OK for: eslint-config-next@14.2.5 want: ^1.3.3
637 silly placeDep ROOT @typescript-eslint/parser@7.2.0 OK for: eslint-config-next@14.2.5 want: ^5.4.2 || ^6.0.0 || 7.0.0 - 7.2.0
638 silly placeDep ROOT eslint-import-resolver-node@0.3.9 OK for: eslint-config-next@14.2.5 want: ^0.3.6
639 silly placeDep ROOT eslint-import-resolver-typescript@3.10.1 OK for: eslint-config-next@14.2.5 want: ^3.5.2
640 silly placeDep ROOT eslint-plugin-import@2.32.0 OK for: eslint-config-next@14.2.5 want: ^2.28.1
641 silly placeDep ROOT eslint-plugin-jsx-a11y@6.10.2 OK for: eslint-config-next@14.2.5 want: ^6.7.1
642 silly placeDep ROOT eslint-plugin-react@7.37.5 OK for: eslint-config-next@14.2.5 want: ^7.33.2
643 silly placeDep ROOT eslint-plugin-react-hooks@5.0.0-canary-7118f5dd7-20230705 OK for: eslint-config-next@14.2.5 want: ^4.5.0 || 5.0.0-canary-7118f5dd7-20230705
644 silly fetch manifest glob@10.3.10
645 silly packumentCache full:https://registry.npmjs.org/glob cache-miss
646 silly fetch manifest @typescript-eslint/types@7.2.0
647 silly packumentCache full:https://registry.npmjs.org/@typescript-eslint%2ftypes cache-miss
648 silly fetch manifest @typescript-eslint/visitor-keys@7.2.0
649 silly packumentCache full:https://registry.npmjs.org/@typescript-eslint%2fvisitor-keys cache-miss
650 silly fetch manifest @typescript-eslint/scope-manager@7.2.0
651 silly packumentCache full:https://registry.npmjs.org/@typescript-eslint%2fscope-manager cache-miss
652 silly fetch manifest @typescript-eslint/typescript-estree@7.2.0
653 silly packumentCache full:https://registry.npmjs.org/@typescript-eslint%2ftypescript-estree cache-miss
654 silly fetch manifest debug@^3.2.7
655 silly packumentCache full:https://registry.npmjs.org/debug cache-hit
656 silly fetch manifest is-core-module@^2.13.0
657 silly packumentCache full:https://registry.npmjs.org/is-core-module cache-miss
658 silly fetch manifest resolve@^1.22.4
659 silly packumentCache full:https://registry.npmjs.org/resolve cache-miss
660 http fetch GET 200 https://registry.npmjs.org/resolve 56ms (cache miss)
661 silly packumentCache full:https://registry.npmjs.org/resolve set size:undefined disposed:false
662 silly fetch manifest tinyglobby@^0.2.13
663 silly packumentCache full:https://registry.npmjs.org/tinyglobby cache-miss
664 http fetch GET 200 https://registry.npmjs.org/is-core-module 63ms (cache miss)
665 silly packumentCache full:https://registry.npmjs.org/is-core-module set size:undefined disposed:false
666 silly fetch manifest stable-hash@^0.0.5
667 silly packumentCache full:https://registry.npmjs.org/stable-hash cache-miss
668 http fetch GET 200 https://registry.npmjs.org/glob 77ms (cache miss)
669 silly packumentCache full:https://registry.npmjs.org/glob set size:undefined disposed:false
670 silly fetch manifest get-tsconfig@^4.10.0
671 silly packumentCache full:https://registry.npmjs.org/get-tsconfig cache-miss
672 http fetch GET 200 https://registry.npmjs.org/tinyglobby 52ms (cache miss)
673 silly packumentCache full:https://registry.npmjs.org/tinyglobby set size:undefined disposed:false
674 silly fetch manifest is-bun-module@^2.0.0
675 silly packumentCache full:https://registry.npmjs.org/is-bun-module cache-miss
676 http fetch GET 200 https://registry.npmjs.org/stable-hash 73ms (cache miss)
677 silly packumentCache full:https://registry.npmjs.org/stable-hash set size:undefined disposed:false
678 silly fetch manifest unrs-resolver@^1.6.2
679 silly packumentCache full:https://registry.npmjs.org/unrs-resolver cache-miss
680 http fetch GET 200 https://registry.npmjs.org/get-tsconfig 107ms (cache miss)
681 silly packumentCache full:https://registry.npmjs.org/get-tsconfig set size:undefined disposed:false
682 silly fetch manifest @nolyfill/is-core-module@1.0.39
683 silly packumentCache full:https://registry.npmjs.org/@nolyfill%2fis-core-module cache-miss
684 http fetch GET 200 https://registry.npmjs.org/is-bun-module 101ms (cache miss)
685 silly packumentCache full:https://registry.npmjs.org/is-bun-module set size:undefined disposed:false
686 silly fetch manifest @rtsao/scc@^1.1.0
687 silly packumentCache full:https://registry.npmjs.org/@rtsao%2fscc cache-miss
688 http fetch GET 200 https://registry.npmjs.org/@nolyfill%2fis-core-module 188ms (cache miss)
689 silly packumentCache full:https://registry.npmjs.org/@nolyfill%2fis-core-module set size:undefined disposed:false
690 silly fetch manifest array-includes@^3.1.9
691 silly packumentCache full:https://registry.npmjs.org/array-includes cache-miss
692 http fetch GET 200 https://registry.npmjs.org/@rtsao%2fscc 182ms (cache miss)
693 silly packumentCache full:https://registry.npmjs.org/@rtsao%2fscc set size:undefined disposed:false
694 silly fetch manifest array.prototype.findlastindex@^1.2.6
695 silly packumentCache full:https://registry.npmjs.org/array.prototype.findlastindex cache-miss
696 http fetch GET 200 https://registry.npmjs.org/array-includes 200ms (cache miss)
697 silly packumentCache full:https://registry.npmjs.org/array-includes set size:undefined disposed:false
698 silly fetch manifest array.prototype.flat@^1.3.3
699 silly packumentCache full:https://registry.npmjs.org/array.prototype.flat cache-miss
700 http fetch GET 200 https://registry.npmjs.org/array.prototype.findlastindex 193ms (cache miss)
701 silly packumentCache full:https://registry.npmjs.org/array.prototype.findlastindex set size:undefined disposed:false
702 silly fetch manifest array.prototype.flatmap@^1.3.3
703 silly packumentCache full:https://registry.npmjs.org/array.prototype.flatmap cache-miss
704 http fetch GET 200 https://registry.npmjs.org/@typescript-eslint%2fscope-manager 613ms (cache miss)
705 silly packumentCache full:https://registry.npmjs.org/@typescript-eslint%2fscope-manager set size:undefined disposed:false
706 silly fetch manifest doctrine@^2.1.0
707 silly packumentCache full:https://registry.npmjs.org/doctrine cache-miss
708 http cache https://registry.npmjs.org/doctrine 18ms (cache hit)
709 silly packumentCache full:https://registry.npmjs.org/doctrine set size:64052 disposed:false
710 silly fetch manifest eslint-module-utils@^2.12.1
711 silly packumentCache full:https://registry.npmjs.org/eslint-module-utils cache-miss
712 http fetch GET 200 https://registry.npmjs.org/unrs-resolver 555ms (cache miss)
713 silly packumentCache full:https://registry.npmjs.org/unrs-resolver set size:undefined disposed:false
714 silly fetch manifest hasown@^2.0.2
715 silly packumentCache full:https://registry.npmjs.org/hasown cache-miss
716 http fetch GET 200 https://registry.npmjs.org/array.prototype.flatmap 105ms (cache miss)
717 silly packumentCache full:https://registry.npmjs.org/array.prototype.flatmap set size:undefined disposed:false
718 silly fetch manifest is-core-module@^2.16.1
719 silly packumentCache full:https://registry.npmjs.org/is-core-module cache-miss
720 http fetch GET 200 https://registry.npmjs.org/array.prototype.flat 117ms (cache miss)
721 silly packumentCache full:https://registry.npmjs.org/array.prototype.flat set size:undefined disposed:false
722 silly fetch manifest object.fromentries@^2.0.8
723 silly packumentCache full:https://registry.npmjs.org/object.fromentries cache-miss
724 http cache https://registry.npmjs.org/is-core-module 10ms (cache hit)
725 silly packumentCache full:https://registry.npmjs.org/is-core-module set size:71788 disposed:false
726 silly fetch manifest object.groupby@^1.0.3
727 silly packumentCache full:https://registry.npmjs.org/object.groupby cache-miss
728 http fetch GET 200 https://registry.npmjs.org/@typescript-eslint%2fvisitor-keys 739ms (cache miss)
729 silly packumentCache full:https://registry.npmjs.org/@typescript-eslint%2fvisitor-keys set size:undefined disposed:false
730 silly fetch manifest object.values@^1.2.1
731 silly packumentCache full:https://registry.npmjs.org/object.values cache-miss
732 http fetch GET 200 https://registry.npmjs.org/hasown 120ms (cache miss)
733 silly packumentCache full:https://registry.npmjs.org/hasown set size:undefined disposed:false
734 silly fetch manifest semver@^6.3.1
735 silly packumentCache full:https://registry.npmjs.org/semver cache-miss
736 http fetch GET 200 https://registry.npmjs.org/eslint-module-utils 125ms (cache miss)
737 silly packumentCache full:https://registry.npmjs.org/eslint-module-utils set size:undefined disposed:false
738 silly fetch manifest string.prototype.trimend@^1.0.9
739 silly packumentCache full:https://registry.npmjs.org/string.prototype.trimend cache-miss
740 http fetch GET 200 https://registry.npmjs.org/object.groupby 110ms (cache miss)
741 silly packumentCache full:https://registry.npmjs.org/object.groupby set size:undefined disposed:false
742 silly fetch manifest tsconfig-paths@^3.15.0
743 silly packumentCache full:https://registry.npmjs.org/tsconfig-paths cache-miss
744 http fetch GET 200 https://registry.npmjs.org/object.fromentries 120ms (cache miss)
745 silly packumentCache full:https://registry.npmjs.org/object.fromentries set size:undefined disposed:false
746 silly fetch manifest aria-query@^5.3.2
747 silly packumentCache full:https://registry.npmjs.org/aria-query cache-miss
748 http fetch GET 200 https://registry.npmjs.org/object.values 58ms (cache miss)
749 silly packumentCache full:https://registry.npmjs.org/object.values set size:undefined disposed:false
750 silly fetch manifest array-includes@^3.1.8
751 silly packumentCache full:https://registry.npmjs.org/array-includes cache-miss
752 http cache https://registry.npmjs.org/array-includes 3ms (cache hit)
753 silly packumentCache full:https://registry.npmjs.org/array-includes set size:77143 disposed:false
754 silly fetch manifest array.prototype.flatmap@^1.3.2
755 silly packumentCache full:https://registry.npmjs.org/array.prototype.flatmap cache-miss
756 http cache https://registry.npmjs.org/array.prototype.flatmap 3ms (cache hit)
757 silly packumentCache full:https://registry.npmjs.org/array.prototype.flatmap set size:51458 disposed:false
758 silly fetch manifest ast-types-flow@^0.0.8
759 silly packumentCache full:https://registry.npmjs.org/ast-types-flow cache-miss
760 http fetch GET 200 https://registry.npmjs.org/semver 54ms (cache miss)
761 silly packumentCache full:https://registry.npmjs.org/semver set size:undefined disposed:false
762 silly fetch manifest axe-core@^4.10.0
763 silly packumentCache full:https://registry.npmjs.org/axe-core cache-miss
764 http fetch GET 200 https://registry.npmjs.org/tsconfig-paths 68ms (cache miss)
765 silly packumentCache full:https://registry.npmjs.org/tsconfig-paths set size:undefined disposed:false
766 silly fetch manifest axobject-query@^4.1.0
767 silly packumentCache full:https://registry.npmjs.org/axobject-query cache-miss
768 http fetch GET 200 https://registry.npmjs.org/aria-query 76ms (cache miss)
769 silly packumentCache full:https://registry.npmjs.org/aria-query set size:undefined disposed:false
770 silly fetch manifest damerau-levenshtein@^1.0.8
771 silly packumentCache full:https://registry.npmjs.org/damerau-levenshtein cache-miss
772 http fetch GET 200 https://registry.npmjs.org/axobject-query 121ms (cache miss)
773 silly packumentCache full:https://registry.npmjs.org/axobject-query set size:undefined disposed:false
774 silly fetch manifest emoji-regex@^9.2.2
775 silly packumentCache full:https://registry.npmjs.org/emoji-regex cache-miss
776 http fetch GET 200 https://registry.npmjs.org/damerau-levenshtein 138ms (cache miss)
777 silly packumentCache full:https://registry.npmjs.org/damerau-levenshtein set size:undefined disposed:false
778 silly fetch manifest jsx-ast-utils@^3.3.5
779 silly packumentCache full:https://registry.npmjs.org/jsx-ast-utils cache-miss
780 http fetch GET 200 https://registry.npmjs.org/axe-core 207ms (cache miss)
781 silly packumentCache full:https://registry.npmjs.org/axe-core set size:undefined disposed:false
782 silly fetch manifest language-tags@^1.0.9
783 silly packumentCache full:https://registry.npmjs.org/language-tags cache-miss
784 http fetch GET 200 https://registry.npmjs.org/ast-types-flow 280ms (cache miss)
785 silly packumentCache full:https://registry.npmjs.org/ast-types-flow set size:undefined disposed:false
786 silly fetch manifest safe-regex-test@^1.0.3
787 silly packumentCache full:https://registry.npmjs.org/safe-regex-test cache-miss
788 http fetch GET 200 https://registry.npmjs.org/string.prototype.trimend 326ms (cache miss)
789 silly packumentCache full:https://registry.npmjs.org/string.prototype.trimend set size:undefined disposed:false
790 silly fetch manifest string.prototype.includes@^2.0.1
791 silly packumentCache full:https://registry.npmjs.org/string.prototype.includes cache-miss
792 http fetch GET 200 https://registry.npmjs.org/emoji-regex 135ms (cache miss)
793 silly packumentCache full:https://registry.npmjs.org/emoji-regex set size:undefined disposed:false
794 silly fetch manifest array.prototype.findlast@^1.2.5
795 silly packumentCache full:https://registry.npmjs.org/array.prototype.findlast cache-miss
796 http fetch GET 200 https://registry.npmjs.org/jsx-ast-utils 113ms (cache miss)
797 silly packumentCache full:https://registry.npmjs.org/jsx-ast-utils set size:undefined disposed:false
798 silly fetch manifest array.prototype.tosorted@^1.1.4
799 silly packumentCache full:https://registry.npmjs.org/array.prototype.tosorted cache-miss
800 http fetch GET 200 https://registry.npmjs.org/language-tags 53ms (cache miss)
801 silly packumentCache full:https://registry.npmjs.org/language-tags set size:undefined disposed:false
802 silly fetch manifest es-iterator-helpers@^1.2.1
803 silly packumentCache full:https://registry.npmjs.org/es-iterator-helpers cache-miss
804 http fetch GET 200 https://registry.npmjs.org/@typescript-eslint%2ftypescript-estree 1187ms (cache miss)
805 silly packumentCache full:https://registry.npmjs.org/@typescript-eslint%2ftypescript-estree set size:undefined disposed:false
806 silly fetch manifest estraverse@^5.3.0
807 silly packumentCache full:https://registry.npmjs.org/estraverse cache-miss
808 http fetch GET 200 https://registry.npmjs.org/array.prototype.tosorted 130ms (cache miss)
809 silly packumentCache full:https://registry.npmjs.org/array.prototype.tosorted set size:undefined disposed:false
810 silly fetch manifest jsx-ast-utils@^2.4.1 || ^3.0.0
811 silly packumentCache full:https://registry.npmjs.org/jsx-ast-utils cache-miss
812 http cache https://registry.npmjs.org/estraverse 16ms (cache hit)
813 silly packumentCache full:https://registry.npmjs.org/estraverse set size:62412 disposed:false
814 silly fetch manifest object.entries@^1.1.9
815 silly packumentCache full:https://registry.npmjs.org/object.entries cache-miss
816 http fetch GET 200 https://registry.npmjs.org/safe-regex-test 141ms (cache miss)
817 silly packumentCache full:https://registry.npmjs.org/safe-regex-test set size:undefined disposed:false
818 silly fetch manifest prop-types@^15.8.1
819 silly packumentCache full:https://registry.npmjs.org/prop-types cache-miss
820 http fetch GET 200 https://registry.npmjs.org/array.prototype.findlast 139ms (cache miss)
821 silly packumentCache full:https://registry.npmjs.org/array.prototype.findlast set size:undefined disposed:false
822 silly fetch manifest resolve@^2.0.0-next.5
823 silly packumentCache full:https://registry.npmjs.org/resolve cache-miss
824 http fetch GET 200 https://registry.npmjs.org/es-iterator-helpers 107ms (cache miss)
825 silly packumentCache full:https://registry.npmjs.org/es-iterator-helpers set size:undefined disposed:false
826 silly fetch manifest string.prototype.matchall@^4.0.12
827 silly packumentCache full:https://registry.npmjs.org/string.prototype.matchall cache-miss
828 http cache https://registry.npmjs.org/jsx-ast-utils 12ms (cache hit)
829 silly packumentCache full:https://registry.npmjs.org/jsx-ast-utils set size:115998 disposed:false
830 silly fetch manifest string.prototype.repeat@^1.0.0
831 silly packumentCache full:https://registry.npmjs.org/string.prototype.repeat cache-miss
832 http cache https://registry.npmjs.org/resolve 9ms (cache hit)
833 silly packumentCache full:https://registry.npmjs.org/resolve set size:238156 disposed:false
834 http fetch GET 200 https://registry.npmjs.org/@typescript-eslint%2ftypes 1307ms (cache miss)
835 silly packumentCache full:https://registry.npmjs.org/@typescript-eslint%2ftypes set size:undefined disposed:false
836 http fetch GET 200 https://registry.npmjs.org/string.prototype.repeat 82ms (cache miss)
837 silly packumentCache full:https://registry.npmjs.org/string.prototype.repeat set size:undefined disposed:false
838 http fetch GET 200 https://registry.npmjs.org/string.prototype.matchall 86ms (cache miss)
839 silly packumentCache full:https://registry.npmjs.org/string.prototype.matchall set size:undefined disposed:false
840 http fetch GET 200 https://registry.npmjs.org/object.entries 96ms (cache miss)
841 silly packumentCache full:https://registry.npmjs.org/object.entries set size:undefined disposed:false
842 http fetch GET 200 https://registry.npmjs.org/prop-types 96ms (cache miss)
843 silly packumentCache full:https://registry.npmjs.org/prop-types set size:undefined disposed:false
844 http fetch GET 200 https://registry.npmjs.org/string.prototype.includes 253ms (cache miss)
845 silly packumentCache full:https://registry.npmjs.org/string.prototype.includes set size:undefined disposed:false
846 silly placeDep ROOT glob@10.3.10 OK for: @next/eslint-plugin-next@14.2.5 want: 10.3.10
847 silly fetch manifest minipass@^5.0.0 || ^6.0.2 || ^7.0.0
848 silly packumentCache full:https://registry.npmjs.org/minipass cache-miss
849 silly fetch manifest jackspeak@^2.3.5
850 silly packumentCache full:https://registry.npmjs.org/jackspeak cache-miss
851 silly fetch manifest minimatch@^9.0.1
852 silly packumentCache full:https://registry.npmjs.org/minimatch cache-hit
853 silly fetch manifest path-scurry@^1.10.1
854 silly packumentCache full:https://registry.npmjs.org/path-scurry cache-miss
855 silly fetch manifest foreground-child@^3.1.0
856 silly packumentCache full:https://registry.npmjs.org/foreground-child cache-miss
857 http fetch GET 200 https://registry.npmjs.org/jackspeak 54ms (cache miss)
858 silly packumentCache full:https://registry.npmjs.org/jackspeak set size:undefined disposed:false
859 http fetch GET 200 https://registry.npmjs.org/foreground-child 58ms (cache miss)
860 silly packumentCache full:https://registry.npmjs.org/foreground-child set size:undefined disposed:false
861 http fetch GET 200 https://registry.npmjs.org/path-scurry 60ms (cache miss)
862 silly packumentCache full:https://registry.npmjs.org/path-scurry set size:undefined disposed:false
863 http fetch GET 200 https://registry.npmjs.org/minipass 80ms (cache miss)
864 silly packumentCache full:https://registry.npmjs.org/minipass set size:undefined disposed:false
865 silly placeDep ROOT @typescript-eslint/scope-manager@7.2.0 OK for: @typescript-eslint/parser@7.2.0 want: 7.2.0
866 silly placeDep ROOT @typescript-eslint/types@7.2.0 OK for: @typescript-eslint/parser@7.2.0 want: 7.2.0
867 silly placeDep ROOT @typescript-eslint/typescript-estree@7.2.0 OK for: @typescript-eslint/parser@7.2.0 want: 7.2.0
868 silly placeDep ROOT @typescript-eslint/visitor-keys@7.2.0 OK for: @typescript-eslint/parser@7.2.0 want: 7.2.0
869 silly fetch manifest globby@^11.1.0
870 silly packumentCache full:https://registry.npmjs.org/globby cache-miss
871 silly fetch manifest semver@^7.5.4
872 silly packumentCache full:https://registry.npmjs.org/semver cache-miss
873 silly fetch manifest minimatch@9.0.3
874 silly packumentCache full:https://registry.npmjs.org/minimatch cache-hit
875 silly fetch manifest ts-api-utils@^1.0.1
876 silly packumentCache full:https://registry.npmjs.org/ts-api-utils cache-miss
877 http cache https://registry.npmjs.org/semver 4ms (cache hit)
878 silly packumentCache full:https://registry.npmjs.org/semver set size:229678 disposed:false
879 http fetch GET 200 https://registry.npmjs.org/globby 57ms (cache miss)
880 silly packumentCache full:https://registry.npmjs.org/globby set size:undefined disposed:false
881 http fetch GET 200 https://registry.npmjs.org/ts-api-utils 93ms (cache miss)
882 silly packumentCache full:https://registry.npmjs.org/ts-api-utils set size:undefined disposed:false
883 silly fetch manifest typescript@>=4.2.0
884 silly packumentCache full:https://registry.npmjs.org/typescript cache-miss
885 http cache https://registry.npmjs.org/typescript 25ms (cache hit)
886 silly packumentCache full:https://registry.npmjs.org/typescript set size:15261362 disposed:false
887 silly placeDep ROOT globby@11.1.0 OK for: @typescript-eslint/typescript-estree@7.2.0 want: ^11.1.0
888 silly placeDep node_modules/@typescript-eslint/typescript-estree minimatch@9.0.3 OK for: @typescript-eslint/typescript-estree@7.2.0 want: 9.0.3
889 silly placeDep ROOT semver@7.7.4 OK for: @typescript-eslint/typescript-estree@7.2.0 want: ^7.5.4
890 silly placeDep ROOT ts-api-utils@1.4.3 OK for: @typescript-eslint/typescript-estree@7.2.0 want: ^1.0.1
891 silly fetch manifest slash@^3.0.0
892 silly packumentCache full:https://registry.npmjs.org/slash cache-miss
893 silly fetch manifest merge2@^1.4.1
894 silly packumentCache full:https://registry.npmjs.org/merge2 cache-miss
895 silly fetch manifest dir-glob@^3.0.1
896 silly packumentCache full:https://registry.npmjs.org/dir-glob cache-miss
897 silly fetch manifest fast-glob@^3.2.9
898 silly packumentCache full:https://registry.npmjs.org/fast-glob cache-miss
899 silly fetch manifest array-union@^2.1.0
900 silly packumentCache full:https://registry.npmjs.org/array-union cache-miss
901 silly fetch manifest brace-expansion@^2.0.1
902 silly packumentCache full:https://registry.npmjs.org/brace-expansion cache-miss
903 http cache https://registry.npmjs.org/brace-expansion 5ms (cache hit)
904 silly packumentCache full:https://registry.npmjs.org/brace-expansion set size:51042 disposed:false
905 http fetch GET 200 https://registry.npmjs.org/merge2 45ms (cache miss)
906 silly packumentCache full:https://registry.npmjs.org/merge2 set size:undefined disposed:false
907 http fetch GET 200 https://registry.npmjs.org/dir-glob 53ms (cache miss)
908 silly packumentCache full:https://registry.npmjs.org/dir-glob set size:undefined disposed:false
909 http fetch GET 200 https://registry.npmjs.org/slash 59ms (cache miss)
910 silly packumentCache full:https://registry.npmjs.org/slash set size:undefined disposed:false
911 http fetch GET 200 https://registry.npmjs.org/fast-glob 60ms (cache miss)
912 silly packumentCache full:https://registry.npmjs.org/fast-glob set size:undefined disposed:false
913 http fetch GET 200 https://registry.npmjs.org/array-union 68ms (cache miss)
914 silly packumentCache full:https://registry.npmjs.org/array-union set size:undefined disposed:false
915 silly placeDep node_modules/eslint-import-resolver-node debug@3.2.7 OK for: eslint-import-resolver-node@0.3.9 want: ^3.2.7
916 silly placeDep ROOT is-core-module@2.16.1 OK for: eslint-import-resolver-node@0.3.9 want: ^2.13.0
917 silly placeDep ROOT resolve@1.22.11 OK for: eslint-import-resolver-node@0.3.9 want: ^1.22.4
918 silly fetch manifest path-parse@^1.0.7
919 silly packumentCache full:https://registry.npmjs.org/path-parse cache-miss
920 silly fetch manifest supports-preserve-symlinks-flag@^1.0.0
921 silly packumentCache full:https://registry.npmjs.org/supports-preserve-symlinks-flag cache-miss
922 http fetch GET 200 https://registry.npmjs.org/path-parse 46ms (cache miss)
923 silly packumentCache full:https://registry.npmjs.org/path-parse set size:undefined disposed:false
924 http fetch GET 200 https://registry.npmjs.org/supports-preserve-symlinks-flag 83ms (cache miss)
925 silly packumentCache full:https://registry.npmjs.org/supports-preserve-symlinks-flag set size:undefined disposed:false
926 silly placeDep ROOT @nolyfill/is-core-module@1.0.39 OK for: eslint-import-resolver-typescript@3.10.1 want: 1.0.39
927 silly placeDep ROOT get-tsconfig@4.13.6 OK for: eslint-import-resolver-typescript@3.10.1 want: ^4.10.0
928 silly placeDep ROOT is-bun-module@2.0.0 OK for: eslint-import-resolver-typescript@3.10.1 want: ^2.0.0
929 silly placeDep ROOT stable-hash@0.0.5 OK for: eslint-import-resolver-typescript@3.10.1 want: ^0.0.5
930 silly placeDep ROOT tinyglobby@0.2.15 OK for: eslint-import-resolver-typescript@3.10.1 want: ^0.2.13
931 silly placeDep ROOT unrs-resolver@1.11.1 OK for: eslint-import-resolver-typescript@3.10.1 want: ^1.6.2
932 silly fetch manifest resolve-pkg-maps@^1.0.0
933 silly packumentCache full:https://registry.npmjs.org/resolve-pkg-maps cache-miss
934 silly fetch manifest fdir@^6.5.0
935 silly packumentCache full:https://registry.npmjs.org/fdir cache-miss
936 silly fetch manifest picomatch@^4.0.3
937 silly packumentCache full:https://registry.npmjs.org/picomatch cache-miss
938 silly fetch manifest napi-postinstall@^0.3.0
939 silly packumentCache full:https://registry.npmjs.org/napi-postinstall cache-miss
940 silly fetch manifest @unrs/resolver-binding-win32-x64-msvc@1.11.1
941 silly packumentCache full:https://registry.npmjs.org/@unrs%2fresolver-binding-win32-x64-msvc cache-miss
942 silly fetch manifest @unrs/resolver-binding-win32-arm64-msvc@1.11.1
943 silly packumentCache full:https://registry.npmjs.org/@unrs%2fresolver-binding-win32-arm64-msvc cache-miss
944 silly fetch manifest @unrs/resolver-binding-win32-ia32-msvc@1.11.1
945 silly packumentCache full:https://registry.npmjs.org/@unrs%2fresolver-binding-win32-ia32-msvc cache-miss
946 http fetch GET 200 https://registry.npmjs.org/resolve-pkg-maps 59ms (cache miss)
947 silly packumentCache full:https://registry.npmjs.org/resolve-pkg-maps set size:undefined disposed:false
948 silly fetch manifest @unrs/resolver-binding-linux-x64-gnu@1.11.1
949 silly packumentCache full:https://registry.npmjs.org/@unrs%2fresolver-binding-linux-x64-gnu cache-miss
950 http fetch GET 200 https://registry.npmjs.org/fdir 60ms (cache miss)
951 silly packumentCache full:https://registry.npmjs.org/fdir set size:undefined disposed:false
952 silly fetch manifest @unrs/resolver-binding-linux-x64-musl@1.11.1
953 silly packumentCache full:https://registry.npmjs.org/@unrs%2fresolver-binding-linux-x64-musl cache-miss
954 http fetch GET 200 https://registry.npmjs.org/napi-postinstall 67ms (cache miss)
955 silly packumentCache full:https://registry.npmjs.org/napi-postinstall set size:undefined disposed:false
956 silly fetch manifest @unrs/resolver-binding-freebsd-x64@1.11.1
957 silly packumentCache full:https://registry.npmjs.org/@unrs%2fresolver-binding-freebsd-x64 cache-miss
958 http fetch GET 200 https://registry.npmjs.org/@unrs%2fresolver-binding-win32-arm64-msvc 68ms (cache miss)
959 silly packumentCache full:https://registry.npmjs.org/@unrs%2fresolver-binding-win32-arm64-msvc set size:undefined disposed:false
960 silly fetch manifest @unrs/resolver-binding-android-arm64@1.11.1
961 silly packumentCache full:https://registry.npmjs.org/@unrs%2fresolver-binding-android-arm64 cache-miss
962 http fetch GET 200 https://registry.npmjs.org/picomatch 72ms (cache miss)
963 silly packumentCache full:https://registry.npmjs.org/picomatch set size:undefined disposed:false
964 silly fetch manifest @unrs/resolver-binding-linux-arm64-gnu@1.11.1
965 silly packumentCache full:https://registry.npmjs.org/@unrs%2fresolver-binding-linux-arm64-gnu cache-miss
966 http fetch GET 200 https://registry.npmjs.org/@unrs%2fresolver-binding-linux-x64-gnu 67ms (cache miss)
967 silly packumentCache full:https://registry.npmjs.org/@unrs%2fresolver-binding-linux-x64-gnu set size:undefined disposed:false
968 silly fetch manifest @unrs/resolver-binding-linux-arm64-musl@1.11.1
969 silly packumentCache full:https://registry.npmjs.org/@unrs%2fresolver-binding-linux-arm64-musl cache-miss
970 http fetch GET 200 https://registry.npmjs.org/@unrs%2fresolver-binding-freebsd-x64 62ms (cache miss)
971 silly packumentCache full:https://registry.npmjs.org/@unrs%2fresolver-binding-freebsd-x64 set size:undefined disposed:false
972 silly fetch manifest @unrs/resolver-binding-android-arm-eabi@1.11.1
973 silly packumentCache full:https://registry.npmjs.org/@unrs%2fresolver-binding-android-arm-eabi cache-miss
974 http fetch GET 200 https://registry.npmjs.org/@unrs%2fresolver-binding-linux-arm64-gnu 59ms (cache miss)
975 silly packumentCache full:https://registry.npmjs.org/@unrs%2fresolver-binding-linux-arm64-gnu set size:undefined disposed:false
976 silly fetch manifest @unrs/resolver-binding-linux-arm-gnueabihf@1.11.1
977 silly packumentCache full:https://registry.npmjs.org/@unrs%2fresolver-binding-linux-arm-gnueabihf cache-miss
978 http fetch GET 200 https://registry.npmjs.org/@unrs%2fresolver-binding-android-arm64 65ms (cache miss)
979 silly packumentCache full:https://registry.npmjs.org/@unrs%2fresolver-binding-android-arm64 set size:undefined disposed:false
980 silly fetch manifest @unrs/resolver-binding-linux-arm-musleabihf@1.11.1
981 silly packumentCache full:https://registry.npmjs.org/@unrs%2fresolver-binding-linux-arm-musleabihf cache-miss
982 http fetch GET 200 https://registry.npmjs.org/@unrs%2fresolver-binding-linux-x64-musl 89ms (cache miss)
983 silly packumentCache full:https://registry.npmjs.org/@unrs%2fresolver-binding-linux-x64-musl set size:undefined disposed:false
984 silly fetch manifest @unrs/resolver-binding-linux-ppc64-gnu@1.11.1
985 silly packumentCache full:https://registry.npmjs.org/@unrs%2fresolver-binding-linux-ppc64-gnu cache-miss
986 http fetch GET 200 https://registry.npmjs.org/@unrs%2fresolver-binding-android-arm-eabi 51ms (cache miss)
987 silly packumentCache full:https://registry.npmjs.org/@unrs%2fresolver-binding-android-arm-eabi set size:undefined disposed:false
988 silly fetch manifest @unrs/resolver-binding-linux-riscv64-gnu@1.11.1
989 silly packumentCache full:https://registry.npmjs.org/@unrs%2fresolver-binding-linux-riscv64-gnu cache-miss
990 http fetch GET 200 https://registry.npmjs.org/@unrs%2fresolver-binding-linux-arm-gnueabihf 64ms (cache miss)
991 silly packumentCache full:https://registry.npmjs.org/@unrs%2fresolver-binding-linux-arm-gnueabihf set size:undefined disposed:false
992 silly fetch manifest @unrs/resolver-binding-linux-riscv64-musl@1.11.1
993 silly packumentCache full:https://registry.npmjs.org/@unrs%2fresolver-binding-linux-riscv64-musl cache-miss
994 http fetch GET 200 https://registry.npmjs.org/@unrs%2fresolver-binding-linux-ppc64-gnu 55ms (cache miss)
995 silly packumentCache full:https://registry.npmjs.org/@unrs%2fresolver-binding-linux-ppc64-gnu set size:undefined disposed:false
996 silly fetch manifest @unrs/resolver-binding-linux-s390x-gnu@1.11.1
997 silly packumentCache full:https://registry.npmjs.org/@unrs%2fresolver-binding-linux-s390x-gnu cache-miss
998 http fetch GET 200 https://registry.npmjs.org/@unrs%2fresolver-binding-linux-arm64-musl 82ms (cache miss)
999 silly packumentCache full:https://registry.npmjs.org/@unrs%2fresolver-binding-linux-arm64-musl set size:undefined disposed:false
1000 silly fetch manifest @unrs/resolver-binding-darwin-x64@1.11.1
1001 silly packumentCache full:https://registry.npmjs.org/@unrs%2fresolver-binding-darwin-x64 cache-miss
1002 http fetch GET 200 https://registry.npmjs.org/@unrs%2fresolver-binding-linux-arm-musleabihf 84ms (cache miss)
1003 silly packumentCache full:https://registry.npmjs.org/@unrs%2fresolver-binding-linux-arm-musleabihf set size:undefined disposed:false
1004 silly fetch manifest @unrs/resolver-binding-darwin-arm64@1.11.1
1005 silly packumentCache full:https://registry.npmjs.org/@unrs%2fresolver-binding-darwin-arm64 cache-miss
1006 http fetch GET 200 https://registry.npmjs.org/@unrs%2fresolver-binding-win32-x64-msvc 224ms (cache miss)
1007 silly packumentCache full:https://registry.npmjs.org/@unrs%2fresolver-binding-win32-x64-msvc set size:undefined disposed:false
1008 silly fetch manifest @unrs/resolver-binding-wasm32-wasi@1.11.1
1009 silly packumentCache full:https://registry.npmjs.org/@unrs%2fresolver-binding-wasm32-wasi cache-miss
1010 http fetch GET 200 https://registry.npmjs.org/@unrs%2fresolver-binding-win32-ia32-msvc 241ms (cache miss)
1011 silly packumentCache full:https://registry.npmjs.org/@unrs%2fresolver-binding-win32-ia32-msvc set size:undefined disposed:false
1012 http fetch GET 200 https://registry.npmjs.org/@unrs%2fresolver-binding-linux-riscv64-gnu 70ms (cache miss)
1013 silly packumentCache full:https://registry.npmjs.org/@unrs%2fresolver-binding-linux-riscv64-gnu set size:undefined disposed:false
1014 http fetch GET 200 https://registry.npmjs.org/@unrs%2fresolver-binding-linux-riscv64-musl 57ms (cache miss)
1015 silly packumentCache full:https://registry.npmjs.org/@unrs%2fresolver-binding-linux-riscv64-musl set size:undefined disposed:false
1016 http fetch GET 200 https://registry.npmjs.org/@unrs%2fresolver-binding-darwin-x64 60ms (cache miss)
1017 silly packumentCache full:https://registry.npmjs.org/@unrs%2fresolver-binding-darwin-x64 set size:undefined disposed:false
1018 http fetch GET 200 https://registry.npmjs.org/@unrs%2fresolver-binding-linux-s390x-gnu 78ms (cache miss)
1019 silly packumentCache full:https://registry.npmjs.org/@unrs%2fresolver-binding-linux-s390x-gnu set size:undefined disposed:false
1020 http fetch GET 200 https://registry.npmjs.org/@unrs%2fresolver-binding-darwin-arm64 68ms (cache miss)
1021 silly packumentCache full:https://registry.npmjs.org/@unrs%2fresolver-binding-darwin-arm64 set size:undefined disposed:false
1022 http fetch GET 200 https://registry.npmjs.org/@unrs%2fresolver-binding-wasm32-wasi 119ms (cache miss)
1023 silly packumentCache full:https://registry.npmjs.org/@unrs%2fresolver-binding-wasm32-wasi set size:undefined disposed:false
1024 silly placeDep ROOT @rtsao/scc@1.1.0 OK for: eslint-plugin-import@2.32.0 want: ^1.1.0
1025 silly placeDep ROOT array-includes@3.1.9 OK for: eslint-plugin-import@2.32.0 want: ^3.1.9
1026 silly placeDep ROOT array.prototype.findlastindex@1.2.6 OK for: eslint-plugin-import@2.32.0 want: ^1.2.6
1027 silly placeDep ROOT array.prototype.flat@1.3.3 OK for: eslint-plugin-import@2.32.0 want: ^1.3.3
1028 silly placeDep ROOT array.prototype.flatmap@1.3.3 OK for: eslint-plugin-import@2.32.0 want: ^1.3.3
1029 silly placeDep node_modules/eslint-plugin-import debug@3.2.7 OK for: eslint-plugin-import@2.32.0 want: ^3.2.7
1030 silly placeDep node_modules/eslint-plugin-import doctrine@2.1.0 OK for: eslint-plugin-import@2.32.0 want: ^2.1.0
1031 silly placeDep ROOT eslint-module-utils@2.12.1 OK for: eslint-plugin-import@2.32.0 want: ^2.12.1
1032 silly placeDep ROOT hasown@2.0.2 OK for: eslint-plugin-import@2.32.0 want: ^2.0.2
1033 silly placeDep ROOT object.fromentries@2.0.8 OK for: eslint-plugin-import@2.32.0 want: ^2.0.8
1034 silly placeDep ROOT object.groupby@1.0.3 OK for: eslint-plugin-import@2.32.0 want: ^1.0.3
1035 silly placeDep ROOT object.values@1.2.1 OK for: eslint-plugin-import@2.32.0 want: ^1.2.1
1036 silly placeDep node_modules/eslint-plugin-import semver@6.3.1 OK for: eslint-plugin-import@2.32.0 want: ^6.3.1
1037 silly placeDep ROOT string.prototype.trimend@1.0.9 OK for: eslint-plugin-import@2.32.0 want: ^1.0.9
1038 silly placeDep ROOT tsconfig-paths@3.15.0 OK for: eslint-plugin-import@2.32.0 want: ^3.15.0
1039 silly fetch manifest call-bind@^1.0.8
1040 silly packumentCache full:https://registry.npmjs.org/call-bind cache-miss
1041 silly fetch manifest call-bound@^1.0.4
1042 silly packumentCache full:https://registry.npmjs.org/call-bound cache-miss
1043 silly fetch manifest define-properties@^1.2.1
1044 silly packumentCache full:https://registry.npmjs.org/define-properties cache-miss
1045 silly fetch manifest es-abstract@^1.24.0
1046 silly packumentCache full:https://registry.npmjs.org/es-abstract cache-miss
1047 silly fetch manifest es-object-atoms@^1.1.1
1048 silly packumentCache full:https://registry.npmjs.org/es-object-atoms cache-miss
1049 silly fetch manifest get-intrinsic@^1.3.0
1050 silly packumentCache full:https://registry.npmjs.org/get-intrinsic cache-miss
1051 silly fetch manifest is-string@^1.1.1
1052 silly packumentCache full:https://registry.npmjs.org/is-string cache-miss
1053 http fetch GET 200 https://registry.npmjs.org/define-properties 52ms (cache miss)
1054 silly packumentCache full:https://registry.npmjs.org/define-properties set size:undefined disposed:false
1055 silly fetch manifest math-intrinsics@^1.1.0
1056 silly packumentCache full:https://registry.npmjs.org/math-intrinsics cache-miss
1057 http fetch GET 200 https://registry.npmjs.org/call-bound 54ms (cache miss)
1058 silly packumentCache full:https://registry.npmjs.org/call-bound set size:undefined disposed:false
1059 silly fetch manifest call-bind@^1.0.8
1060 silly packumentCache full:https://registry.npmjs.org/call-bind cache-miss
1061 http fetch GET 200 https://registry.npmjs.org/es-object-atoms 66ms (cache miss)
1062 silly packumentCache full:https://registry.npmjs.org/es-object-atoms set size:undefined disposed:false
1063 silly fetch manifest es-abstract@^1.23.9
1064 silly packumentCache full:https://registry.npmjs.org/es-abstract cache-miss
1065 http fetch GET 200 https://registry.npmjs.org/es-abstract 70ms (cache miss)
1066 silly packumentCache full:https://registry.npmjs.org/es-abstract set size:undefined disposed:false
1067 silly fetch manifest es-errors@^1.3.0
1068 silly packumentCache full:https://registry.npmjs.org/es-errors cache-miss
1069 http fetch GET 200 https://registry.npmjs.org/is-string 78ms (cache miss)
1070 silly packumentCache full:https://registry.npmjs.org/is-string set size:undefined disposed:false
1071 silly fetch manifest es-shim-unscopables@^1.1.0
1072 silly packumentCache full:https://registry.npmjs.org/es-shim-unscopables cache-miss
1073 http fetch GET 200 https://registry.npmjs.org/get-intrinsic 80ms (cache miss)
1074 silly packumentCache full:https://registry.npmjs.org/get-intrinsic set size:undefined disposed:false
1075 silly fetch manifest call-bind@^1.0.8
1076 silly packumentCache full:https://registry.npmjs.org/call-bind cache-miss
1077 http fetch GET 200 https://registry.npmjs.org/math-intrinsics 54ms (cache miss)
1078 silly packumentCache full:https://registry.npmjs.org/math-intrinsics set size:undefined disposed:false
1079 silly fetch manifest es-abstract@^1.23.5
1080 silly packumentCache full:https://registry.npmjs.org/es-abstract cache-miss
1081 http cache https://registry.npmjs.org/es-abstract 3ms (cache hit)
1082 silly packumentCache full:https://registry.npmjs.org/es-abstract set size:378584 disposed:false
1083 silly fetch manifest es-shim-unscopables@^1.0.2
1084 silly packumentCache full:https://registry.npmjs.org/es-shim-unscopables cache-miss
1085 http fetch GET 200 https://registry.npmjs.org/call-bind 66ms (cache miss)
1086 silly packumentCache full:https://registry.npmjs.org/call-bind set size:undefined disposed:false
1087 silly fetch manifest es-shim-unscopables@^1.0.2
1088 silly packumentCache full:https://registry.npmjs.org/es-shim-unscopables cache-miss
1089 http fetch GET 200 https://registry.npmjs.org/call-bind 124ms (cache miss)
1090 silly packumentCache full:https://registry.npmjs.org/call-bind set size:undefined disposed:false
1091 silly fetch manifest function-bind@^1.1.2
1092 silly packumentCache full:https://registry.npmjs.org/function-bind cache-miss
1093 http fetch GET 200 https://registry.npmjs.org/es-errors 51ms (cache miss)
1094 silly packumentCache full:https://registry.npmjs.org/es-errors set size:undefined disposed:false
1095 silly fetch manifest call-bind@^1.0.7
1096 silly packumentCache full:https://registry.npmjs.org/call-bind cache-miss
1097 http fetch GET 200 https://registry.npmjs.org/es-abstract 58ms (cache miss)
1098 silly packumentCache full:https://registry.npmjs.org/es-abstract set size:undefined disposed:false
1099 silly packumentCache full:https://registry.npmjs.org/es-abstract dispose
1100 silly fetch manifest es-abstract@^1.23.2
1101 silly packumentCache full:https://registry.npmjs.org/es-abstract cache-miss
1102 http cache https://registry.npmjs.org/call-bind 6ms (cache hit)
1103 silly packumentCache full:https://registry.npmjs.org/call-bind set size:30096 disposed:false
1104 silly fetch manifest es-object-atoms@^1.0.0
1105 silly packumentCache full:https://registry.npmjs.org/es-object-atoms cache-miss
1106 http cache https://registry.npmjs.org/es-abstract 4ms (cache hit)
1107 silly packumentCache full:https://registry.npmjs.org/es-abstract set size:378584 disposed:true
1108 silly fetch manifest call-bound@^1.0.3
1109 silly packumentCache full:https://registry.npmjs.org/call-bound cache-miss
1110 http cache https://registry.npmjs.org/es-object-atoms 6ms (cache hit)
1111 silly packumentCache full:https://registry.npmjs.org/es-object-atoms set size:15304 disposed:false
1112 silly fetch manifest call-bound@^1.0.2
1113 silly packumentCache full:https://registry.npmjs.org/call-bound cache-miss
1114 http cache https://registry.npmjs.org/call-bound 5ms (cache hit)
1115 silly packumentCache full:https://registry.npmjs.org/call-bound set size:15317 disposed:false
1116 silly fetch manifest json5@^1.0.2
1117 silly packumentCache full:https://registry.npmjs.org/json5 cache-miss
1118 http fetch GET 200 https://registry.npmjs.org/es-shim-unscopables 62ms (cache miss)
1119 silly packumentCache full:https://registry.npmjs.org/es-shim-unscopables set size:undefined disposed:false
1120 silly fetch manifest minimist@^1.2.6
1121 silly packumentCache full:https://registry.npmjs.org/minimist cache-miss
1122 http cache https://registry.npmjs.org/call-bound 6ms (cache hit)
1123 silly packumentCache full:https://registry.npmjs.org/call-bound set size:15317 disposed:false
1124 silly packumentCache full:https://registry.npmjs.org/call-bound dispose
1125 silly fetch manifest strip-bom@^3.0.0
1126 silly packumentCache full:https://registry.npmjs.org/strip-bom cache-miss
1127 http fetch GET 200 https://registry.npmjs.org/call-bind 65ms (cache miss)
1128 silly packumentCache full:https://registry.npmjs.org/call-bind set size:undefined disposed:false
1129 silly packumentCache full:https://registry.npmjs.org/call-bind dispose
1130 silly fetch manifest @types/json5@^0.0.29
1131 silly packumentCache full:https://registry.npmjs.org/@types%2fjson5 cache-miss
1132 http fetch GET 200 https://registry.npmjs.org/es-shim-unscopables 50ms (cache miss)
1133 silly packumentCache full:https://registry.npmjs.org/es-shim-unscopables set size:undefined disposed:false
1134 http fetch GET 200 https://registry.npmjs.org/es-shim-unscopables 48ms (cache miss)
1135 silly packumentCache full:https://registry.npmjs.org/es-shim-unscopables set size:undefined disposed:false
1136 http fetch GET 200 https://registry.npmjs.org/function-bind 47ms (cache miss)
1137 silly packumentCache full:https://registry.npmjs.org/function-bind set size:undefined disposed:false
1138 http fetch GET 200 https://registry.npmjs.org/strip-bom 55ms (cache miss)
1139 silly packumentCache full:https://registry.npmjs.org/strip-bom set size:undefined disposed:false
1140 http fetch GET 200 https://registry.npmjs.org/minimist 64ms (cache miss)
1141 silly packumentCache full:https://registry.npmjs.org/minimist set size:undefined disposed:false
1142 http fetch GET 200 https://registry.npmjs.org/@types%2fjson5 79ms (cache miss)
1143 silly packumentCache full:https://registry.npmjs.org/@types%2fjson5 set size:undefined disposed:false
1144 http fetch GET 200 https://registry.npmjs.org/json5 105ms (cache miss)
1145 silly packumentCache full:https://registry.npmjs.org/json5 set size:undefined disposed:false
1146 silly placeDep ROOT call-bind@1.0.8 OK for: array-includes@3.1.9 want: ^1.0.8
1147 silly placeDep ROOT call-bound@1.0.4 OK for: array-includes@3.1.9 want: ^1.0.4
1148 silly placeDep ROOT define-properties@1.2.1 OK for: array-includes@3.1.9 want: ^1.2.1
1149 silly placeDep ROOT es-abstract@1.24.1 OK for: array-includes@3.1.9 want: ^1.24.0
1150 silly placeDep ROOT es-object-atoms@1.1.1 OK for: array-includes@3.1.9 want: ^1.1.1
1151 silly placeDep ROOT get-intrinsic@1.3.0 OK for: array-includes@3.1.9 want: ^1.3.0
1152 silly placeDep ROOT is-string@1.1.1 OK for: array-includes@3.1.9 want: ^1.1.1
1153 silly placeDep ROOT math-intrinsics@1.1.0 OK for: array-includes@3.1.9 want: ^1.1.0
1154 silly fetch manifest call-bind-apply-helpers@^1.0.0
1155 silly packumentCache full:https://registry.npmjs.org/call-bind-apply-helpers cache-miss
1156 silly fetch manifest es-define-property@^1.0.0
1157 silly packumentCache full:https://registry.npmjs.org/es-define-property cache-miss
1158 silly fetch manifest get-intrinsic@^1.2.4
1159 silly packumentCache full:https://registry.npmjs.org/get-intrinsic cache-miss
1160 silly fetch manifest set-function-length@^1.2.2
1161 silly packumentCache full:https://registry.npmjs.org/set-function-length cache-miss
1162 silly fetch manifest call-bind-apply-helpers@^1.0.2
1163 silly packumentCache full:https://registry.npmjs.org/call-bind-apply-helpers cache-miss
1164 silly fetch manifest define-data-property@^1.0.1
1165 silly packumentCache full:https://registry.npmjs.org/define-data-property cache-miss
1166 silly fetch manifest has-property-descriptors@^1.0.0
1167 silly packumentCache full:https://registry.npmjs.org/has-property-descriptors cache-miss
1168 http cache https://registry.npmjs.org/get-intrinsic 7ms (cache hit)
1169 silly packumentCache full:https://registry.npmjs.org/get-intrinsic set size:60985 disposed:false
1170 silly fetch manifest object-keys@^1.1.1
1171 silly packumentCache full:https://registry.npmjs.org/object-keys cache-miss
1172 http fetch GET 200 https://registry.npmjs.org/es-define-property 48ms (cache miss)
1173 silly packumentCache full:https://registry.npmjs.org/es-define-property set size:undefined disposed:false
1174 silly fetch manifest array-buffer-byte-length@^1.0.2
1175 silly packumentCache full:https://registry.npmjs.org/array-buffer-byte-length cache-miss
1176 http fetch GET 200 https://registry.npmjs.org/call-bind-apply-helpers 51ms (cache miss)
1177 silly packumentCache full:https://registry.npmjs.org/call-bind-apply-helpers set size:undefined disposed:false
1178 silly fetch manifest arraybuffer.prototype.slice@^1.0.4
1179 silly packumentCache full:https://registry.npmjs.org/arraybuffer.prototype.slice cache-miss
1180 http fetch GET 200 https://registry.npmjs.org/define-data-property 54ms (cache miss)
1181 silly packumentCache full:https://registry.npmjs.org/define-data-property set size:undefined disposed:false
1182 silly fetch manifest available-typed-arrays@^1.0.7
1183 silly packumentCache full:https://registry.npmjs.org/available-typed-arrays cache-miss
1184 http fetch GET 200 https://registry.npmjs.org/call-bind-apply-helpers 58ms (cache miss)
1185 silly packumentCache full:https://registry.npmjs.org/call-bind-apply-helpers set size:undefined disposed:false
1186 silly fetch manifest data-view-buffer@^1.0.2
1187 silly packumentCache full:https://registry.npmjs.org/data-view-buffer cache-miss
1188 http fetch GET 200 https://registry.npmjs.org/has-property-descriptors 90ms (cache miss)
1189 silly packumentCache full:https://registry.npmjs.org/has-property-descriptors set size:undefined disposed:false
1190 silly fetch manifest data-view-byte-length@^1.0.2
1191 silly packumentCache full:https://registry.npmjs.org/data-view-byte-length cache-miss
1192 http fetch GET 200 https://registry.npmjs.org/object-keys 86ms (cache miss)
1193 silly packumentCache full:https://registry.npmjs.org/object-keys set size:undefined disposed:false
1194 silly fetch manifest data-view-byte-offset@^1.0.1
1195 silly packumentCache full:https://registry.npmjs.org/data-view-byte-offset cache-miss
1196 http fetch GET 200 https://registry.npmjs.org/array-buffer-byte-length 48ms (cache miss)
1197 silly packumentCache full:https://registry.npmjs.org/array-buffer-byte-length set size:undefined disposed:false
1198 silly fetch manifest es-define-property@^1.0.1
1199 silly packumentCache full:https://registry.npmjs.org/es-define-property cache-miss
1200 http cache https://registry.npmjs.org/es-define-property 1ms (cache hit)
1201 silly packumentCache full:https://registry.npmjs.org/es-define-property set size:8542 disposed:false
1202 silly fetch manifest es-set-tostringtag@^2.1.0
1203 silly packumentCache full:https://registry.npmjs.org/es-set-tostringtag cache-miss
1204 http fetch GET 200 https://registry.npmjs.org/arraybuffer.prototype.slice 52ms (cache miss)
1205 silly packumentCache full:https://registry.npmjs.org/arraybuffer.prototype.slice set size:undefined disposed:false
1206 silly fetch manifest es-to-primitive@^1.3.0
1207 silly packumentCache full:https://registry.npmjs.org/es-to-primitive cache-miss
1208 http fetch GET 200 https://registry.npmjs.org/data-view-buffer 53ms (cache miss)
1209 silly packumentCache full:https://registry.npmjs.org/data-view-buffer set size:undefined disposed:false
1210 silly fetch manifest function.prototype.name@^1.1.8
1211 silly packumentCache full:https://registry.npmjs.org/function.prototype.name cache-miss
1212 http fetch GET 200 https://registry.npmjs.org/available-typed-arrays 63ms (cache miss)
1213 silly packumentCache full:https://registry.npmjs.org/available-typed-arrays set size:undefined disposed:false
1214 silly fetch manifest get-proto@^1.0.1
1215 silly packumentCache full:https://registry.npmjs.org/get-proto cache-miss
1216 http fetch GET 200 https://registry.npmjs.org/es-set-tostringtag 46ms (cache miss)
1217 silly packumentCache full:https://registry.npmjs.org/es-set-tostringtag set size:undefined disposed:false
1218 silly fetch manifest get-symbol-description@^1.1.0
1219 silly packumentCache full:https://registry.npmjs.org/get-symbol-description cache-miss
1220 http fetch GET 200 https://registry.npmjs.org/data-view-byte-length 69ms (cache miss)
1221 silly packumentCache full:https://registry.npmjs.org/data-view-byte-length set size:undefined disposed:false
1222 silly fetch manifest globalthis@^1.0.4
1223 silly packumentCache full:https://registry.npmjs.org/globalthis cache-miss
1224 http fetch GET 200 https://registry.npmjs.org/function.prototype.name 53ms (cache miss)
1225 silly packumentCache full:https://registry.npmjs.org/function.prototype.name set size:undefined disposed:false
1226 silly fetch manifest gopd@^1.2.0
1227 silly packumentCache full:https://registry.npmjs.org/gopd cache-miss
1228 http fetch GET 200 https://registry.npmjs.org/get-proto 58ms (cache miss)
1229 silly packumentCache full:https://registry.npmjs.org/get-proto set size:undefined disposed:false
1230 silly fetch manifest has-property-descriptors@^1.0.2
1231 silly packumentCache full:https://registry.npmjs.org/has-property-descriptors cache-miss
1232 http cache https://registry.npmjs.org/has-property-descriptors 1ms (cache hit)
1233 silly packumentCache full:https://registry.npmjs.org/has-property-descriptors set size:12452 disposed:false
1234 silly fetch manifest has-proto@^1.2.0
1235 silly packumentCache full:https://registry.npmjs.org/has-proto cache-miss
1236 http fetch GET 200 https://registry.npmjs.org/data-view-byte-offset 90ms (cache miss)
1237 silly packumentCache full:https://registry.npmjs.org/data-view-byte-offset set size:undefined disposed:false
1238 silly fetch manifest has-symbols@^1.1.0
1239 silly packumentCache full:https://registry.npmjs.org/has-symbols cache-miss
1240 http fetch GET 200 https://registry.npmjs.org/get-symbol-description 41ms (cache miss)
1241 silly packumentCache full:https://registry.npmjs.org/get-symbol-description set size:undefined disposed:false
1242 silly fetch manifest internal-slot@^1.1.0
1243 silly packumentCache full:https://registry.npmjs.org/internal-slot cache-miss
1244 http fetch GET 200 https://registry.npmjs.org/gopd 147ms (cache miss)
1245 silly packumentCache full:https://registry.npmjs.org/gopd set size:undefined disposed:false
1246 silly fetch manifest is-array-buffer@^3.0.5
1247 silly packumentCache full:https://registry.npmjs.org/is-array-buffer cache-miss
1248 http fetch GET 200 https://registry.npmjs.org/set-function-length 317ms (cache miss)
1249 silly packumentCache full:https://registry.npmjs.org/set-function-length set size:undefined disposed:false
1250 silly fetch manifest is-callable@^1.2.7
1251 silly packumentCache full:https://registry.npmjs.org/is-callable cache-miss
1252 http fetch GET 200 https://registry.npmjs.org/internal-slot 130ms (cache miss)
1253 silly packumentCache full:https://registry.npmjs.org/internal-slot set size:undefined disposed:false
1254 silly fetch manifest is-data-view@^1.0.2
1255 silly packumentCache full:https://registry.npmjs.org/is-data-view cache-miss
1256 http fetch GET 200 https://registry.npmjs.org/has-proto 142ms (cache miss)
1257 silly packumentCache full:https://registry.npmjs.org/has-proto set size:undefined disposed:false
1258 silly fetch manifest is-negative-zero@^2.0.3
1259 silly packumentCache full:https://registry.npmjs.org/is-negative-zero cache-miss
1260 http fetch GET 200 https://registry.npmjs.org/globalthis 162ms (cache miss)
1261 silly packumentCache full:https://registry.npmjs.org/globalthis set size:undefined disposed:false
1262 silly fetch manifest is-regex@^1.2.1
1263 silly packumentCache full:https://registry.npmjs.org/is-regex cache-miss
1264 http fetch GET 200 https://registry.npmjs.org/has-symbols 141ms (cache miss)
1265 silly packumentCache full:https://registry.npmjs.org/has-symbols set size:undefined disposed:false
1266 silly fetch manifest is-set@^2.0.3
1267 silly packumentCache full:https://registry.npmjs.org/is-set cache-miss
1268 http fetch GET 200 https://registry.npmjs.org/es-to-primitive 230ms (cache miss)
1269 silly packumentCache full:https://registry.npmjs.org/es-to-primitive set size:undefined disposed:false
1270 silly fetch manifest is-shared-array-buffer@^1.0.4
1271 silly packumentCache full:https://registry.npmjs.org/is-shared-array-buffer cache-miss
1272 http fetch GET 200 https://registry.npmjs.org/is-data-view 50ms (cache miss)
1273 silly packumentCache full:https://registry.npmjs.org/is-data-view set size:undefined disposed:false
1274 silly fetch manifest is-typed-array@^1.1.15
1275 silly packumentCache full:https://registry.npmjs.org/is-typed-array cache-miss
1276 http fetch GET 200 https://registry.npmjs.org/is-negative-zero 51ms (cache miss)
1277 silly packumentCache full:https://registry.npmjs.org/is-negative-zero set size:undefined disposed:false
1278 silly fetch manifest is-weakref@^1.1.1
1279 silly packumentCache full:https://registry.npmjs.org/is-weakref cache-miss
1280 http fetch GET 200 https://registry.npmjs.org/is-callable 60ms (cache miss)
1281 silly packumentCache full:https://registry.npmjs.org/is-callable set size:undefined disposed:false
1282 silly fetch manifest object-inspect@^1.13.4
1283 silly packumentCache full:https://registry.npmjs.org/object-inspect cache-miss
1284 http fetch GET 200 https://registry.npmjs.org/is-array-buffer 66ms (cache miss)
1285 silly packumentCache full:https://registry.npmjs.org/is-array-buffer set size:undefined disposed:false
1286 silly fetch manifest object.assign@^4.1.7
1287 silly packumentCache full:https://registry.npmjs.org/object.assign cache-miss
1288 http fetch GET 200 https://registry.npmjs.org/is-shared-array-buffer 55ms (cache miss)
1289 silly packumentCache full:https://registry.npmjs.org/is-shared-array-buffer set size:undefined disposed:false
1290 silly fetch manifest own-keys@^1.0.1
1291 silly packumentCache full:https://registry.npmjs.org/own-keys cache-miss
1292 http fetch GET 200 https://registry.npmjs.org/is-set 91ms (cache miss)
1293 silly packumentCache full:https://registry.npmjs.org/is-set set size:undefined disposed:false
1294 silly fetch manifest regexp.prototype.flags@^1.5.4
1295 silly packumentCache full:https://registry.npmjs.org/regexp.prototype.flags cache-miss
1296 http fetch GET 200 https://registry.npmjs.org/is-typed-array 51ms (cache miss)
1297 silly packumentCache full:https://registry.npmjs.org/is-typed-array set size:undefined disposed:false
1298 silly fetch manifest safe-array-concat@^1.1.3
1299 silly packumentCache full:https://registry.npmjs.org/safe-array-concat cache-miss
1300 http fetch GET 200 https://registry.npmjs.org/object.assign 53ms (cache miss)
1301 silly packumentCache full:https://registry.npmjs.org/object.assign set size:undefined disposed:false
1302 silly fetch manifest safe-push-apply@^1.0.0
1303 silly packumentCache full:https://registry.npmjs.org/safe-push-apply cache-miss
1304 http fetch GET 200 https://registry.npmjs.org/is-weakref 63ms (cache miss)
1305 silly packumentCache full:https://registry.npmjs.org/is-weakref set size:undefined disposed:false
1306 silly fetch manifest safe-regex-test@^1.1.0
1307 silly packumentCache full:https://registry.npmjs.org/safe-regex-test cache-miss
1308 http fetch GET 200 https://registry.npmjs.org/object-inspect 61ms (cache miss)
1309 silly packumentCache full:https://registry.npmjs.org/object-inspect set size:undefined disposed:false
1310 silly fetch manifest set-proto@^1.0.0
1311 silly packumentCache full:https://registry.npmjs.org/set-proto cache-miss
1312 http cache https://registry.npmjs.org/safe-regex-test 5ms (cache hit)
1313 silly packumentCache full:https://registry.npmjs.org/safe-regex-test set size:17412 disposed:false
1314 silly fetch manifest stop-iteration-iterator@^1.1.0
1315 silly packumentCache full:https://registry.npmjs.org/stop-iteration-iterator cache-miss
1316 http fetch GET 200 https://registry.npmjs.org/is-regex 127ms (cache miss)
1317 silly packumentCache full:https://registry.npmjs.org/is-regex set size:undefined disposed:false
1318 silly fetch manifest string.prototype.trim@^1.2.10
1319 silly packumentCache full:https://registry.npmjs.org/string.prototype.trim cache-miss
1320 http fetch GET 200 https://registry.npmjs.org/safe-array-concat 54ms (cache miss)
1321 silly packumentCache full:https://registry.npmjs.org/safe-array-concat set size:undefined disposed:false
1322 silly fetch manifest string.prototype.trimstart@^1.0.8
1323 silly packumentCache full:https://registry.npmjs.org/string.prototype.trimstart cache-miss
1324 http fetch GET 200 https://registry.npmjs.org/stop-iteration-iterator 57ms (cache miss)
1325 silly packumentCache full:https://registry.npmjs.org/stop-iteration-iterator set size:undefined disposed:false
1326 silly fetch manifest typed-array-buffer@^1.0.3
1327 silly packumentCache full:https://registry.npmjs.org/typed-array-buffer cache-miss
1328 http fetch GET 200 https://registry.npmjs.org/string.prototype.trim 62ms (cache miss)
1329 silly packumentCache full:https://registry.npmjs.org/string.prototype.trim set size:undefined disposed:false
1330 silly fetch manifest typed-array-byte-length@^1.0.3
1331 silly packumentCache full:https://registry.npmjs.org/typed-array-byte-length cache-miss
1332 http fetch GET 200 https://registry.npmjs.org/string.prototype.trimstart 46ms (cache miss)
1333 silly packumentCache full:https://registry.npmjs.org/string.prototype.trimstart set size:undefined disposed:false
1334 silly fetch manifest typed-array-byte-offset@^1.0.4
1335 silly packumentCache full:https://registry.npmjs.org/typed-array-byte-offset cache-miss
1336 http fetch GET 200 https://registry.npmjs.org/typed-array-buffer 51ms (cache miss)
1337 silly packumentCache full:https://registry.npmjs.org/typed-array-buffer set size:undefined disposed:false
1338 silly fetch manifest typed-array-length@^1.0.7
1339 silly packumentCache full:https://registry.npmjs.org/typed-array-length cache-miss
1340 http fetch GET 200 https://registry.npmjs.org/typed-array-byte-offset 50ms (cache miss)
1341 silly packumentCache full:https://registry.npmjs.org/typed-array-byte-offset set size:undefined disposed:false
1342 silly fetch manifest unbox-primitive@^1.1.0
1343 silly packumentCache full:https://registry.npmjs.org/unbox-primitive cache-miss
1344 http fetch GET 200 https://registry.npmjs.org/typed-array-byte-length 61ms (cache miss)
1345 silly packumentCache full:https://registry.npmjs.org/typed-array-byte-length set size:undefined disposed:false
1346 silly fetch manifest which-typed-array@^1.1.19
1347 silly packumentCache full:https://registry.npmjs.org/which-typed-array cache-miss
1348 http fetch GET 200 https://registry.npmjs.org/typed-array-length 52ms (cache miss)
1349 silly packumentCache full:https://registry.npmjs.org/typed-array-length set size:undefined disposed:false
1350 silly fetch manifest has-tostringtag@^1.0.2
1351 silly packumentCache full:https://registry.npmjs.org/has-tostringtag cache-miss
1352 http fetch GET 200 https://registry.npmjs.org/unbox-primitive 58ms (cache miss)
1353 silly packumentCache full:https://registry.npmjs.org/unbox-primitive set size:undefined disposed:false
1354 http fetch GET 200 https://registry.npmjs.org/own-keys 244ms (cache miss)
1355 silly packumentCache full:https://registry.npmjs.org/own-keys set size:undefined disposed:false
1356 http fetch GET 200 https://registry.npmjs.org/which-typed-array 68ms (cache miss)
1357 silly packumentCache full:https://registry.npmjs.org/which-typed-array set size:undefined disposed:false
1358 http fetch GET 200 https://registry.npmjs.org/has-tostringtag 61ms (cache miss)
1359 silly packumentCache full:https://registry.npmjs.org/has-tostringtag set size:undefined disposed:false
1360 http fetch GET 200 https://registry.npmjs.org/safe-push-apply 239ms (cache miss)
1361 silly packumentCache full:https://registry.npmjs.org/safe-push-apply set size:undefined disposed:false
1362 http fetch GET 200 https://registry.npmjs.org/set-proto 640ms (cache miss)
1363 silly packumentCache full:https://registry.npmjs.org/set-proto set size:undefined disposed:false
1364 http fetch GET 200 https://registry.npmjs.org/regexp.prototype.flags 665ms (cache miss)
1365 silly packumentCache full:https://registry.npmjs.org/regexp.prototype.flags set size:undefined disposed:false
1366 silly placeDep ROOT es-errors@1.3.0 OK for: array.prototype.findlastindex@1.2.6 want: ^1.3.0
1367 silly placeDep ROOT es-shim-unscopables@1.1.0 OK for: array.prototype.findlastindex@1.2.6 want: ^1.1.0
1368 silly placeDep ROOT call-bind-apply-helpers@1.0.2 OK for: call-bind@1.0.8 want: ^1.0.0
1369 silly placeDep ROOT es-define-property@1.0.1 OK for: call-bind@1.0.8 want: ^1.0.0
1370 silly placeDep ROOT set-function-length@1.2.2 OK for: call-bind@1.0.8 want: ^1.2.2
1371 silly fetch manifest define-data-property@^1.1.4
1372 silly packumentCache full:https://registry.npmjs.org/define-data-property cache-miss
1373 silly fetch manifest gopd@^1.0.1
1374 silly packumentCache full:https://registry.npmjs.org/gopd cache-miss
1375 http cache https://registry.npmjs.org/define-data-property 2ms (cache hit)
1376 silly packumentCache full:https://registry.npmjs.org/define-data-property set size:28048 disposed:false
1377 http cache https://registry.npmjs.org/gopd 3ms (cache hit)
1378 silly packumentCache full:https://registry.npmjs.org/gopd set size:11458 disposed:false
1379 silly placeDep ROOT function-bind@1.1.2 OK for: call-bind-apply-helpers@1.0.2 want: ^1.1.2
1380 silly placeDep ROOT define-data-property@1.1.4 OK for: define-properties@1.2.1 want: ^1.0.1
1381 silly placeDep ROOT has-property-descriptors@1.0.2 OK for: define-properties@1.2.1 want: ^1.0.0
1382 silly placeDep ROOT object-keys@1.1.1 OK for: define-properties@1.2.1 want: ^1.1.1
1383 silly placeDep ROOT gopd@1.2.0 OK for: define-data-property@1.1.4 want: ^1.0.1
1384 silly placeDep ROOT array-buffer-byte-length@1.0.2 OK for: es-abstract@1.24.1 want: ^1.0.2
1385 silly placeDep ROOT arraybuffer.prototype.slice@1.0.4 OK for: es-abstract@1.24.1 want: ^1.0.4
1386 silly placeDep ROOT available-typed-arrays@1.0.7 OK for: es-abstract@1.24.1 want: ^1.0.7
1387 silly placeDep ROOT data-view-buffer@1.0.2 OK for: es-abstract@1.24.1 want: ^1.0.2
1388 silly placeDep ROOT data-view-byte-length@1.0.2 OK for: es-abstract@1.24.1 want: ^1.0.2
1389 silly placeDep ROOT data-view-byte-offset@1.0.1 OK for: es-abstract@1.24.1 want: ^1.0.1
1390 silly placeDep ROOT es-set-tostringtag@2.1.0 OK for: es-abstract@1.24.1 want: ^2.1.0
1391 silly placeDep ROOT es-to-primitive@1.3.0 OK for: es-abstract@1.24.1 want: ^1.3.0
1392 silly placeDep ROOT function.prototype.name@1.1.8 OK for: es-abstract@1.24.1 want: ^1.1.8
1393 silly placeDep ROOT get-proto@1.0.1 OK for: es-abstract@1.24.1 want: ^1.0.1
1394 silly placeDep ROOT get-symbol-description@1.1.0 OK for: es-abstract@1.24.1 want: ^1.1.0
1395 silly placeDep ROOT globalthis@1.0.4 OK for: es-abstract@1.24.1 want: ^1.0.4
1396 silly placeDep ROOT has-proto@1.2.0 OK for: es-abstract@1.24.1 want: ^1.2.0
1397 silly placeDep ROOT has-symbols@1.1.0 OK for: es-abstract@1.24.1 want: ^1.1.0
1398 silly placeDep ROOT internal-slot@1.1.0 OK for: es-abstract@1.24.1 want: ^1.1.0
1399 silly placeDep ROOT is-array-buffer@3.0.5 OK for: es-abstract@1.24.1 want: ^3.0.5
1400 silly placeDep ROOT is-callable@1.2.7 OK for: es-abstract@1.24.1 want: ^1.2.7
1401 silly placeDep ROOT is-data-view@1.0.2 OK for: es-abstract@1.24.1 want: ^1.0.2
1402 silly placeDep ROOT is-negative-zero@2.0.3 OK for: es-abstract@1.24.1 want: ^2.0.3
1403 silly placeDep ROOT is-regex@1.2.1 OK for: es-abstract@1.24.1 want: ^1.2.1
1404 silly placeDep ROOT is-set@2.0.3 OK for: es-abstract@1.24.1 want: ^2.0.3
1405 silly placeDep ROOT is-shared-array-buffer@1.0.4 OK for: es-abstract@1.24.1 want: ^1.0.4
1406 silly placeDep ROOT is-typed-array@1.1.15 OK for: es-abstract@1.24.1 want: ^1.1.15
1407 silly placeDep ROOT is-weakref@1.1.1 OK for: es-abstract@1.24.1 want: ^1.1.1
1408 silly placeDep ROOT object-inspect@1.13.4 OK for: es-abstract@1.24.1 want: ^1.13.4
1409 silly placeDep ROOT object.assign@4.1.7 OK for: es-abstract@1.24.1 want: ^4.1.7
1410 silly placeDep ROOT own-keys@1.0.1 OK for: es-abstract@1.24.1 want: ^1.0.1
1411 silly placeDep ROOT regexp.prototype.flags@1.5.4 OK for: es-abstract@1.24.1 want: ^1.5.4
1412 silly placeDep ROOT safe-array-concat@1.1.3 OK for: es-abstract@1.24.1 want: ^1.1.3
1413 silly placeDep ROOT safe-push-apply@1.0.0 OK for: es-abstract@1.24.1 want: ^1.0.0
1414 silly placeDep ROOT safe-regex-test@1.1.0 OK for: es-abstract@1.24.1 want: ^1.1.0
1415 silly placeDep ROOT set-proto@1.0.0 OK for: es-abstract@1.24.1 want: ^1.0.0
1416 silly placeDep ROOT stop-iteration-iterator@1.1.0 OK for: es-abstract@1.24.1 want: ^1.1.0
1417 silly placeDep ROOT string.prototype.trim@1.2.10 OK for: es-abstract@1.24.1 want: ^1.2.10
1418 silly placeDep ROOT string.prototype.trimstart@1.0.8 OK for: es-abstract@1.24.1 want: ^1.0.8
1419 silly placeDep ROOT typed-array-buffer@1.0.3 OK for: es-abstract@1.24.1 want: ^1.0.3
1420 silly placeDep ROOT typed-array-byte-length@1.0.3 OK for: es-abstract@1.24.1 want: ^1.0.3
1421 silly placeDep ROOT typed-array-byte-offset@1.0.4 OK for: es-abstract@1.24.1 want: ^1.0.4
1422 silly placeDep ROOT typed-array-length@1.0.7 OK for: es-abstract@1.24.1 want: ^1.0.7
1423 silly placeDep ROOT unbox-primitive@1.1.0 OK for: es-abstract@1.24.1 want: ^1.1.0
1424 silly placeDep ROOT which-typed-array@1.1.20 OK for: es-abstract@1.24.1 want: ^1.1.19
1425 silly fetch manifest is-array-buffer@^3.0.4
1426 silly packumentCache full:https://registry.npmjs.org/is-array-buffer cache-miss
1427 silly fetch manifest possible-typed-array-names@^1.0.0
1428 silly packumentCache full:https://registry.npmjs.org/possible-typed-array-names cache-miss
1429 silly fetch manifest is-data-view@^1.0.1
1430 silly packumentCache full:https://registry.npmjs.org/is-data-view cache-miss
1431 silly fetch manifest is-date-object@^1.0.5
1432 silly packumentCache full:https://registry.npmjs.org/is-date-object cache-miss
1433 silly fetch manifest is-symbol@^1.0.4
1434 silly packumentCache full:https://registry.npmjs.org/is-symbol cache-miss
1435 silly fetch manifest functions-have-names@^1.2.3
1436 silly packumentCache full:https://registry.npmjs.org/functions-have-names cache-miss
1437 silly fetch manifest dunder-proto@^1.0.1
1438 silly packumentCache full:https://registry.npmjs.org/dunder-proto cache-miss
1439 http cache https://registry.npmjs.org/is-array-buffer 10ms (cache hit)
1440 silly packumentCache full:https://registry.npmjs.org/is-array-buffer set size:33562 disposed:false
1441 silly fetch manifest dunder-proto@^1.0.0
1442 silly packumentCache full:https://registry.npmjs.org/dunder-proto cache-miss
1443 http cache https://registry.npmjs.org/is-data-view 11ms (cache hit)
1444 silly packumentCache full:https://registry.npmjs.org/is-data-view set size:13756 disposed:false
1445 silly fetch manifest side-channel@^1.1.0
1446 silly packumentCache full:https://registry.npmjs.org/side-channel cache-miss
1447 http fetch GET 200 https://registry.npmjs.org/possible-typed-array-names 53ms (cache miss)
1448 silly packumentCache full:https://registry.npmjs.org/possible-typed-array-names set size:undefined disposed:false
1449 silly fetch manifest is-typed-array@^1.1.13
1450 silly packumentCache full:https://registry.npmjs.org/is-typed-array cache-miss
1451 http fetch GET 200 https://registry.npmjs.org/is-date-object 54ms (cache miss)
1452 silly packumentCache full:https://registry.npmjs.org/is-date-object set size:undefined disposed:false
1453 silly fetch manifest which-typed-array@^1.1.16
1454 silly packumentCache full:https://registry.npmjs.org/which-typed-array cache-miss
1455 http cache https://registry.npmjs.org/is-typed-array 3ms (cache hit)
1456 silly packumentCache full:https://registry.npmjs.org/is-typed-array set size:79965 disposed:false
1457 silly fetch manifest set-function-name@^2.0.2
1458 silly packumentCache full:https://registry.npmjs.org/set-function-name cache-miss
1459 http fetch GET 200 https://registry.npmjs.org/dunder-proto 59ms (cache miss)
1460 silly packumentCache full:https://registry.npmjs.org/dunder-proto set size:undefined disposed:false
1461 silly fetch manifest isarray@^2.0.5
1462 silly packumentCache full:https://registry.npmjs.org/isarray cache-miss
1463 http cache https://registry.npmjs.org/which-typed-array 8ms (cache hit)
1464 silly packumentCache full:https://registry.npmjs.org/which-typed-array set size:93605 disposed:false
1465 silly fetch manifest isarray@^2.0.5
1466 silly packumentCache full:https://registry.npmjs.org/isarray cache-miss
1467 http fetch GET 200 https://registry.npmjs.org/functions-have-names 65ms (cache miss)
1468 silly packumentCache full:https://registry.npmjs.org/functions-have-names set size:undefined disposed:false
1469 silly fetch manifest for-each@^0.3.3
1470 silly packumentCache full:https://registry.npmjs.org/for-each cache-miss
1471 http fetch GET 200 https://registry.npmjs.org/side-channel 59ms (cache miss)
1472 silly packumentCache full:https://registry.npmjs.org/side-channel set size:undefined disposed:false
1473 silly fetch manifest for-each@^0.3.3
1474 silly packumentCache full:https://registry.npmjs.org/for-each cache-miss
1475 http fetch GET 200 https://registry.npmjs.org/is-symbol 73ms (cache miss)
1476 silly packumentCache full:https://registry.npmjs.org/is-symbol set size:undefined disposed:false
1477 silly fetch manifest reflect.getprototypeof@^1.0.9
1478 silly packumentCache full:https://registry.npmjs.org/reflect.getprototypeof cache-miss
1479 http fetch GET 200 https://registry.npmjs.org/dunder-proto 92ms (cache miss)
1480 silly packumentCache full:https://registry.npmjs.org/dunder-proto set size:undefined disposed:false
1481 silly fetch manifest for-each@^0.3.3
1482 silly packumentCache full:https://registry.npmjs.org/for-each cache-miss
1483 http fetch GET 200 https://registry.npmjs.org/set-function-name 54ms (cache miss)
1484 silly packumentCache full:https://registry.npmjs.org/set-function-name set size:undefined disposed:false
1485 silly fetch manifest reflect.getprototypeof@^1.0.6
1486 silly packumentCache full:https://registry.npmjs.org/reflect.getprototypeof cache-miss
1487 http fetch GET 200 https://registry.npmjs.org/isarray 53ms (cache miss)
1488 silly packumentCache full:https://registry.npmjs.org/isarray set size:undefined disposed:false
1489 silly fetch manifest has-bigints@^1.0.2
1490 silly packumentCache full:https://registry.npmjs.org/has-bigints cache-miss
1491 http fetch GET 200 https://registry.npmjs.org/for-each 51ms (cache miss)
1492 silly packumentCache full:https://registry.npmjs.org/for-each set size:undefined disposed:false
1493 silly fetch manifest which-boxed-primitive@^1.1.1
1494 silly packumentCache full:https://registry.npmjs.org/which-boxed-primitive cache-miss
1495 http fetch GET 200 https://registry.npmjs.org/for-each 58ms (cache miss)
1496 silly packumentCache full:https://registry.npmjs.org/for-each set size:undefined disposed:false
1497 silly fetch manifest for-each@^0.3.5
1498 silly packumentCache full:https://registry.npmjs.org/for-each cache-miss
1499 http cache https://registry.npmjs.org/for-each 1ms (cache hit)
1500 silly packumentCache full:https://registry.npmjs.org/for-each set size:14327 disposed:false
1501 http fetch GET 200 https://registry.npmjs.org/isarray 73ms (cache miss)
1502 silly packumentCache full:https://registry.npmjs.org/isarray set size:undefined disposed:false
1503 http fetch GET 200 https://registry.npmjs.org/has-bigints 48ms (cache miss)
1504 silly packumentCache full:https://registry.npmjs.org/has-bigints set size:undefined disposed:false
1505 http fetch GET 200 https://registry.npmjs.org/which-boxed-primitive 57ms (cache miss)
1506 silly packumentCache full:https://registry.npmjs.org/which-boxed-primitive set size:undefined disposed:false
1507 http fetch GET 200 https://registry.npmjs.org/for-each 80ms (cache miss)
1508 silly packumentCache full:https://registry.npmjs.org/for-each set size:undefined disposed:false
1509 silly packumentCache full:https://registry.npmjs.org/for-each dispose
1510 http fetch GET 200 https://registry.npmjs.org/reflect.getprototypeof 566ms (cache miss)
1511 silly packumentCache full:https://registry.npmjs.org/reflect.getprototypeof set size:undefined disposed:false
1512 http fetch GET 200 https://registry.npmjs.org/reflect.getprototypeof 608ms (cache miss)
1513 silly packumentCache full:https://registry.npmjs.org/reflect.getprototypeof set size:undefined disposed:false
1514 silly placeDep ROOT possible-typed-array-names@1.1.0 OK for: available-typed-arrays@1.0.7 want: ^1.0.0
1515 silly placeDep ROOT has-tostringtag@1.0.2 OK for: es-set-tostringtag@2.1.0 want: ^1.0.2
1516 silly placeDep ROOT is-date-object@1.1.0 OK for: es-to-primitive@1.3.0 want: ^1.0.5
1517 silly placeDep ROOT is-symbol@1.1.1 OK for: es-to-primitive@1.3.0 want: ^1.0.4
1518 silly placeDep node_modules/eslint-module-utils debug@3.2.7 OK for: eslint-module-utils@2.12.1 want: ^3.2.7
1519 silly placeDep ROOT aria-query@5.3.2 OK for: eslint-plugin-jsx-a11y@6.10.2 want: ^5.3.2
1520 silly placeDep ROOT ast-types-flow@0.0.8 OK for: eslint-plugin-jsx-a11y@6.10.2 want: ^0.0.8
1521 silly placeDep ROOT axe-core@4.11.1 OK for: eslint-plugin-jsx-a11y@6.10.2 want: ^4.10.0
1522 silly placeDep ROOT axobject-query@4.1.0 OK for: eslint-plugin-jsx-a11y@6.10.2 want: ^4.1.0
1523 silly placeDep ROOT damerau-levenshtein@1.0.8 OK for: eslint-plugin-jsx-a11y@6.10.2 want: ^1.0.8
1524 silly placeDep ROOT emoji-regex@9.2.2 OK for: eslint-plugin-jsx-a11y@6.10.2 want: ^9.2.2
1525 silly placeDep ROOT jsx-ast-utils@3.3.5 OK for: eslint-plugin-jsx-a11y@6.10.2 want: ^3.3.5
1526 silly placeDep ROOT language-tags@1.0.9 OK for: eslint-plugin-jsx-a11y@6.10.2 want: ^1.0.9
1527 silly placeDep ROOT string.prototype.includes@2.0.1 OK for: eslint-plugin-jsx-a11y@6.10.2 want: ^2.0.1
1528 silly fetch manifest language-subtag-registry@^0.3.20
1529 silly packumentCache full:https://registry.npmjs.org/language-subtag-registry cache-miss
1530 http fetch GET 200 https://registry.npmjs.org/language-subtag-registry 59ms (cache miss)
1531 silly packumentCache full:https://registry.npmjs.org/language-subtag-registry set size:undefined disposed:false
1532 silly placeDep ROOT array.prototype.findlast@1.2.5 OK for: eslint-plugin-react@7.37.5 want: ^1.2.5
1533 silly placeDep ROOT array.prototype.tosorted@1.1.4 OK for: eslint-plugin-react@7.37.5 want: ^1.1.4
1534 silly placeDep node_modules/eslint-plugin-react doctrine@2.1.0 OK for: eslint-plugin-react@7.37.5 want: ^2.1.0
1535 silly placeDep ROOT es-iterator-helpers@1.2.2 OK for: eslint-plugin-react@7.37.5 want: ^1.2.1
1536 silly placeDep ROOT estraverse@5.3.0 OK for: eslint-plugin-react@7.37.5 want: ^5.3.0
1537 silly placeDep ROOT object.entries@1.1.9 OK for: eslint-plugin-react@7.37.5 want: ^1.1.9
1538 silly placeDep ROOT prop-types@15.8.1 OK for: eslint-plugin-react@7.37.5 want: ^15.8.1
1539 silly placeDep node_modules/eslint-plugin-react resolve@2.0.0-next.6 OK for: eslint-plugin-react@7.37.5 want: ^2.0.0-next.5
1540 silly placeDep node_modules/eslint-plugin-react semver@6.3.1 OK for: eslint-plugin-react@7.37.5 want: ^6.3.1
1541 silly placeDep ROOT string.prototype.matchall@4.0.12 OK for: eslint-plugin-react@7.37.5 want: ^4.0.12
1542 silly placeDep ROOT string.prototype.repeat@1.0.0 OK for: eslint-plugin-react@7.37.5 want: ^1.0.0
1543 silly fetch manifest iterator.prototype@^1.1.5
1544 silly packumentCache full:https://registry.npmjs.org/iterator.prototype cache-miss
1545 silly fetch manifest loose-envify@^1.4.0
1546 silly packumentCache full:https://registry.npmjs.org/loose-envify cache-miss
1547 silly fetch manifest object-assign@^4.1.1
1548 silly packumentCache full:https://registry.npmjs.org/object-assign cache-miss
1549 silly fetch manifest react-is@^16.13.1
1550 silly packumentCache full:https://registry.npmjs.org/react-is cache-miss
1551 silly fetch manifest node-exports-info@^1.6.0
1552 silly packumentCache full:https://registry.npmjs.org/node-exports-info cache-miss
1553 http cache https://registry.npmjs.org/loose-envify 5ms (cache hit)
1554 silly packumentCache full:https://registry.npmjs.org/loose-envify set size:12559 disposed:false
1555 http fetch GET 200 https://registry.npmjs.org/object-assign 43ms (cache miss)
1556 silly packumentCache full:https://registry.npmjs.org/object-assign set size:undefined disposed:false
1557 http fetch GET 200 https://registry.npmjs.org/iterator.prototype 53ms (cache miss)
1558 silly packumentCache full:https://registry.npmjs.org/iterator.prototype set size:undefined disposed:false
1559 http fetch GET 200 https://registry.npmjs.org/node-exports-info 90ms (cache miss)
1560 silly packumentCache full:https://registry.npmjs.org/node-exports-info set size:undefined disposed:false
1561 http fetch GET 200 https://registry.npmjs.org/react-is 440ms (cache miss)
1562 silly packumentCache full:https://registry.npmjs.org/react-is set size:undefined disposed:false
1563 silly placeDep ROOT iterator.prototype@1.1.5 OK for: es-iterator-helpers@1.2.2 want: ^1.1.5
1564 silly placeDep ROOT esrecurse@4.3.0 OK for: eslint-scope@7.2.2 want: ^4.3.0
1565 silly placeDep ROOT acorn@8.15.0 OK for: espree@9.6.1 want: ^8.9.0
1566 silly placeDep ROOT acorn-jsx@5.3.2 OK for: espree@9.6.1 want: ^5.3.2
1567 silly placeDep ROOT reusify@1.1.0 OK for: fastq@1.20.1 want: ^1.0.4
1568 silly placeDep ROOT flat-cache@3.2.0 OK for: file-entry-cache@6.0.1 want: ^3.0.4
1569 silly fetch manifest keyv@^4.5.3
1570 silly packumentCache full:https://registry.npmjs.org/keyv cache-miss
1571 silly fetch manifest rimraf@^3.0.2
1572 silly packumentCache full:https://registry.npmjs.org/rimraf cache-miss
1573 silly fetch manifest flatted@^3.2.9
1574 silly packumentCache full:https://registry.npmjs.org/flatted cache-miss
1575 http fetch GET 200 https://registry.npmjs.org/rimraf 55ms (cache miss)
1576 silly packumentCache full:https://registry.npmjs.org/rimraf set size:undefined disposed:false
1577 http fetch GET 200 https://registry.npmjs.org/flatted 67ms (cache miss)
1578 silly packumentCache full:https://registry.npmjs.org/flatted set size:undefined disposed:false
1579 http fetch GET 200 https://registry.npmjs.org/keyv 75ms (cache miss)
1580 silly packumentCache full:https://registry.npmjs.org/keyv set size:undefined disposed:false
1581 silly placeDep ROOT locate-path@6.0.0 OK for: find-up@5.0.0 want: ^6.0.0
1582 silly placeDep ROOT path-exists@4.0.0 OK for: find-up@5.0.0 want: ^4.0.0
1583 silly fetch manifest p-locate@^5.0.0
1584 silly packumentCache full:https://registry.npmjs.org/p-locate cache-miss
1585 http fetch GET 200 https://registry.npmjs.org/p-locate 47ms (cache miss)
1586 silly packumentCache full:https://registry.npmjs.org/p-locate set size:undefined disposed:false
1587 silly placeDep ROOT flatted@3.3.3 OK for: flat-cache@3.2.0 want: ^3.2.9
1588 silly placeDep ROOT keyv@4.5.4 OK for: flat-cache@3.2.0 want: ^4.5.3
1589 silly placeDep ROOT rimraf@3.0.2 OK for: flat-cache@3.2.0 want: ^3.0.2
1590 silly fetch manifest json-buffer@3.0.1
1591 silly packumentCache full:https://registry.npmjs.org/json-buffer cache-miss
1592 silly fetch manifest glob@^7.1.3
1593 silly packumentCache full:https://registry.npmjs.org/glob cache-miss
1594 http cache https://registry.npmjs.org/glob 3ms (cache hit)
1595 silly packumentCache full:https://registry.npmjs.org/glob set size:465058 disposed:false
1596 http fetch GET 200 https://registry.npmjs.org/json-buffer 55ms (cache miss)
1597 silly packumentCache full:https://registry.npmjs.org/json-buffer set size:undefined disposed:false
1598 silly placeDep ROOT functions-have-names@1.2.3 OK for: function.prototype.name@1.1.8 want: ^1.2.3
1599 silly placeDep ROOT dunder-proto@1.0.1 OK for: get-proto@1.0.1 want: ^1.0.1
1600 silly placeDep ROOT resolve-pkg-maps@1.0.0 OK for: get-tsconfig@4.13.6 want: ^1.0.0
1601 silly placeDep ROOT foreground-child@3.3.1 OK for: glob@10.3.10 want: ^3.1.0
1602 silly placeDep ROOT jackspeak@2.3.6 OK for: glob@10.3.10 want: ^2.3.5
1603 silly placeDep node_modules/glob minimatch@9.0.5 OK for: glob@10.3.10 want: ^9.0.1
1604 silly placeDep ROOT minipass@7.1.2 OK for: glob@10.3.10 want: ^5.0.0 || ^6.0.2 || ^7.0.0
1605 silly placeDep ROOT path-scurry@1.11.1 OK for: glob@10.3.10 want: ^1.10.1
1606 silly fetch manifest signal-exit@^4.0.1
1607 silly packumentCache full:https://registry.npmjs.org/signal-exit cache-miss
1608 silly fetch manifest @isaacs/cliui@^8.0.2
1609 silly packumentCache full:https://registry.npmjs.org/@isaacs%2fcliui cache-miss
1610 silly fetch manifest @pkgjs/parseargs@^0.11.0
1611 silly packumentCache full:https://registry.npmjs.org/@pkgjs%2fparseargs cache-miss
1612 silly fetch manifest lru-cache@^10.2.0
1613 silly packumentCache full:https://registry.npmjs.org/lru-cache cache-miss
1614 http fetch GET 200 https://registry.npmjs.org/@isaacs%2fcliui 61ms (cache miss)
1615 silly packumentCache full:https://registry.npmjs.org/@isaacs%2fcliui set size:undefined disposed:false
1616 http fetch GET 200 https://registry.npmjs.org/@pkgjs%2fparseargs 62ms (cache miss)
1617 silly packumentCache full:https://registry.npmjs.org/@pkgjs%2fparseargs set size:undefined disposed:false
1618 http fetch GET 200 https://registry.npmjs.org/lru-cache 80ms (cache miss)
1619 silly packumentCache full:https://registry.npmjs.org/lru-cache set size:undefined disposed:false
1620 http fetch GET 200 https://registry.npmjs.org/signal-exit 89ms (cache miss)
1621 silly packumentCache full:https://registry.npmjs.org/signal-exit set size:undefined disposed:false
1622 silly placeDep ROOT signal-exit@4.1.0 OK for: foreground-child@3.3.1 want: ^4.0.1
1623 silly placeDep ROOT type-fest@0.20.2 OK for: globals@13.24.0 want: ^0.20.2
1624 silly placeDep ROOT array-union@2.1.0 OK for: globby@11.1.0 want: ^2.1.0
1625 silly placeDep ROOT dir-glob@3.0.1 OK for: globby@11.1.0 want: ^3.0.1
1626 silly placeDep ROOT fast-glob@3.3.3 OK for: globby@11.1.0 want: ^3.2.9
1627 silly placeDep ROOT merge2@1.4.1 OK for: globby@11.1.0 want: ^1.4.1
1628 silly placeDep ROOT slash@3.0.0 OK for: globby@11.1.0 want: ^3.0.0
1629 silly fetch manifest path-type@^4.0.0
1630 silly packumentCache full:https://registry.npmjs.org/path-type cache-miss
1631 silly fetch manifest glob-parent@^5.1.2
1632 silly packumentCache full:https://registry.npmjs.org/glob-parent cache-miss
1633 silly fetch manifest merge2@^1.3.0
1634 silly packumentCache full:https://registry.npmjs.org/merge2 cache-miss
1635 silly fetch manifest micromatch@^4.0.8
1636 silly packumentCache full:https://registry.npmjs.org/micromatch cache-miss
1637 http cache https://registry.npmjs.org/merge2 9ms (cache hit)
1638 silly packumentCache full:https://registry.npmjs.org/merge2 set size:46159 disposed:false
1639 http cache https://registry.npmjs.org/glob-parent 10ms (cache hit)
1640 silly packumentCache full:https://registry.npmjs.org/glob-parent set size:42445 disposed:false
1641 http fetch GET 200 https://registry.npmjs.org/micromatch 52ms (cache miss)
1642 silly packumentCache full:https://registry.npmjs.org/micromatch set size:undefined disposed:false
1643 http fetch GET 200 https://registry.npmjs.org/path-type 70ms (cache miss)
1644 silly packumentCache full:https://registry.npmjs.org/path-type set size:undefined disposed:false
1645 silly placeDep ROOT path-type@4.0.0 OK for: dir-glob@3.0.1 want: ^4.0.0
1646 silly placeDep node_modules/fast-glob glob-parent@5.1.2 OK for: fast-glob@3.3.3 want: ^5.1.2
1647 silly placeDep ROOT micromatch@4.0.8 OK for: fast-glob@3.3.3 want: ^4.0.8
1648 silly fetch manifest braces@^3.0.3
1649 silly packumentCache full:https://registry.npmjs.org/braces cache-miss
1650 silly fetch manifest picomatch@^2.3.1
1651 silly packumentCache full:https://registry.npmjs.org/picomatch cache-miss
1652 http cache https://registry.npmjs.org/picomatch 3ms (cache hit)
1653 silly packumentCache full:https://registry.npmjs.org/picomatch set size:118818 disposed:false
1654 http fetch GET 200 https://registry.npmjs.org/braces 64ms (cache miss)
1655 silly packumentCache full:https://registry.npmjs.org/braces set size:undefined disposed:false
1656 silly placeDep ROOT parent-module@1.0.1 OK for: import-fresh@3.3.1 want: ^1.0.0
1657 silly placeDep ROOT resolve-from@4.0.0 OK for: import-fresh@3.3.1 want: ^4.0.0
1658 silly fetch manifest callsites@^3.0.0
1659 silly packumentCache full:https://registry.npmjs.org/callsites cache-miss
1660 http fetch GET 200 https://registry.npmjs.org/callsites 52ms (cache miss)
1661 silly packumentCache full:https://registry.npmjs.org/callsites set size:undefined disposed:false
1662 silly placeDep ROOT side-channel@1.1.0 OK for: internal-slot@1.1.0 want: ^1.1.0
1663 silly fetch manifest side-channel-list@^1.0.0
1664 silly packumentCache full:https://registry.npmjs.org/side-channel-list cache-miss
1665 silly fetch manifest side-channel-map@^1.0.1
1666 silly packumentCache full:https://registry.npmjs.org/side-channel-map cache-miss
1667 silly fetch manifest side-channel-weakmap@^1.0.2
1668 silly packumentCache full:https://registry.npmjs.org/side-channel-weakmap cache-miss
1669 http fetch GET 200 https://registry.npmjs.org/side-channel-list 53ms (cache miss)
1670 silly packumentCache full:https://registry.npmjs.org/side-channel-list set size:undefined disposed:false
1671 http fetch GET 200 https://registry.npmjs.org/side-channel-map 65ms (cache miss)
1672 silly packumentCache full:https://registry.npmjs.org/side-channel-map set size:undefined disposed:false
1673 http fetch GET 200 https://registry.npmjs.org/side-channel-weakmap 82ms (cache miss)
1674 silly packumentCache full:https://registry.npmjs.org/side-channel-weakmap set size:undefined disposed:false
1675 silly placeDep ROOT is-extglob@2.1.1 OK for: is-glob@4.0.3 want: ^2.1.1
1676 silly placeDep ROOT set-function-name@2.0.2 OK for: iterator.prototype@1.1.5 want: ^2.0.2
1677 silly placeDep ROOT @isaacs/cliui@8.0.2 OK for: jackspeak@2.3.6 want: ^8.0.2
1678 silly placeDep ROOT @pkgjs/parseargs@0.11.0 OK for: jackspeak@2.3.6 want: ^0.11.0
1679 silly fetch manifest wrap-ansi@^8.1.0
1680 silly packumentCache full:https://registry.npmjs.org/wrap-ansi cache-miss
1681 silly fetch manifest strip-ansi@^7.0.1
1682 silly packumentCache full:https://registry.npmjs.org/strip-ansi cache-miss
1683 silly fetch manifest string-width@^5.1.2
1684 silly packumentCache full:https://registry.npmjs.org/string-width cache-miss
1685 silly fetch manifest wrap-ansi-cjs@npm:wrap-ansi@^7.0.0
1686 silly packumentCache full:https://registry.npmjs.org/wrap-ansi cache-miss
1687 silly fetch manifest strip-ansi-cjs@npm:strip-ansi@^6.0.1
1688 silly packumentCache full:https://registry.npmjs.org/strip-ansi cache-miss
1689 silly fetch manifest string-width-cjs@npm:string-width@^4.2.0
1690 silly packumentCache full:https://registry.npmjs.org/string-width cache-miss
1691 http cache https://registry.npmjs.org/strip-ansi 4ms (cache hit)
1692 silly packumentCache full:https://registry.npmjs.org/strip-ansi set size:41855 disposed:false
1693 http cache https://registry.npmjs.org/strip-ansi 6ms (cache hit)
1694 silly packumentCache full:https://registry.npmjs.org/strip-ansi set size:41855 disposed:false
1695 silly packumentCache full:https://registry.npmjs.org/strip-ansi dispose
1696 http fetch GET 200 https://registry.npmjs.org/wrap-ansi 48ms (cache miss)
1697 silly packumentCache full:https://registry.npmjs.org/wrap-ansi set size:undefined disposed:false
1698 http fetch GET 200 https://registry.npmjs.org/wrap-ansi 48ms (cache miss)
1699 silly packumentCache full:https://registry.npmjs.org/wrap-ansi set size:undefined disposed:false
1700 http fetch GET 200 https://registry.npmjs.org/string-width 57ms (cache miss)
1701 silly packumentCache full:https://registry.npmjs.org/string-width set size:undefined disposed:false
1702 http fetch GET 200 https://registry.npmjs.org/string-width 70ms (cache miss)
1703 silly packumentCache full:https://registry.npmjs.org/string-width set size:undefined disposed:false
1704 silly placeDep ROOT string-width@5.1.2 OK for: @isaacs/cliui@8.0.2 want: ^5.1.2
1705 silly placeDep ROOT string-width-cjs@4.2.3 OK for: @isaacs/cliui@8.0.2 want: npm:string-width@^4.2.0
1706 silly placeDep node_modules/@isaacs/cliui strip-ansi@7.1.2 OK for: @isaacs/cliui@8.0.2 want: ^7.0.1
1707 silly placeDep ROOT strip-ansi-cjs@6.0.1 OK for: @isaacs/cliui@8.0.2 want: npm:strip-ansi@^6.0.1
1708 silly placeDep ROOT wrap-ansi@8.1.0 OK for: @isaacs/cliui@8.0.2 want: ^8.1.0
1709 silly placeDep ROOT wrap-ansi-cjs@7.0.0 OK for: @isaacs/cliui@8.0.2 want: npm:wrap-ansi@^7.0.0
1710 silly fetch manifest eastasianwidth@^0.2.0
1711 silly packumentCache full:https://registry.npmjs.org/eastasianwidth cache-miss
1712 silly fetch manifest emoji-regex@^8.0.0
1713 silly packumentCache full:https://registry.npmjs.org/emoji-regex cache-miss
1714 silly fetch manifest is-fullwidth-code-point@^3.0.0
1715 silly packumentCache full:https://registry.npmjs.org/is-fullwidth-code-point cache-miss
1716 silly fetch manifest ansi-regex@^6.0.1
1717 silly packumentCache full:https://registry.npmjs.org/ansi-regex cache-miss
1718 silly fetch manifest ansi-styles@^6.1.0
1719 silly packumentCache full:https://registry.npmjs.org/ansi-styles cache-miss
1720 silly fetch manifest string-width@^4.1.0
1721 silly packumentCache full:https://registry.npmjs.org/string-width cache-miss
1722 http cache https://registry.npmjs.org/emoji-regex 6ms (cache hit)
1723 silly packumentCache full:https://registry.npmjs.org/emoji-regex set size:89088 disposed:false
1724 http cache https://registry.npmjs.org/ansi-styles 6ms (cache hit)
1725 silly packumentCache full:https://registry.npmjs.org/ansi-styles set size:63233 disposed:false
1726 http cache https://registry.npmjs.org/string-width 6ms (cache hit)
1727 silly packumentCache full:https://registry.npmjs.org/string-width set size:68305 disposed:false
1728 http cache https://registry.npmjs.org/ansi-regex 8ms (cache hit)
1729 silly packumentCache full:https://registry.npmjs.org/ansi-regex set size:43572 disposed:false
1730 http fetch GET 200 https://registry.npmjs.org/eastasianwidth 47ms (cache miss)
1731 silly packumentCache full:https://registry.npmjs.org/eastasianwidth set size:undefined disposed:false
1732 http fetch GET 200 https://registry.npmjs.org/is-fullwidth-code-point 56ms (cache miss)
1733 silly packumentCache full:https://registry.npmjs.org/is-fullwidth-code-point set size:undefined disposed:false
1734 silly placeDep ROOT argparse@2.0.1 OK for: js-yaml@4.1.1 want: ^2.0.1
1735 silly placeDep ROOT json-buffer@3.0.1 OK for: keyv@4.5.4 want: 3.0.1
1736 silly placeDep ROOT language-subtag-registry@0.3.23 OK for: language-tags@1.0.9 want: ^0.3.20
1737 silly placeDep ROOT prelude-ls@1.2.1 OK for: levn@0.4.1 want: ^1.2.1
1738 silly placeDep ROOT type-check@0.4.0 OK for: levn@0.4.1 want: ~0.4.0
1739 silly placeDep ROOT p-locate@5.0.0 OK for: locate-path@6.0.0 want: ^5.0.0
1740 silly fetch manifest p-limit@^3.0.2
1741 silly packumentCache full:https://registry.npmjs.org/p-limit cache-miss
1742 http fetch GET 200 https://registry.npmjs.org/p-limit 98ms (cache miss)
1743 silly packumentCache full:https://registry.npmjs.org/p-limit set size:undefined disposed:false
1744 silly placeDep ROOT braces@3.0.3 OK for: micromatch@4.0.8 want: ^3.0.3
1745 silly placeDep ROOT picomatch@2.3.1 OK for: micromatch@4.0.8 want: ^2.3.1
1746 silly fetch manifest fill-range@^7.1.1
1747 silly packumentCache full:https://registry.npmjs.org/fill-range cache-miss
1748 http fetch GET 200 https://registry.npmjs.org/fill-range 46ms (cache miss)
1749 silly packumentCache full:https://registry.npmjs.org/fill-range set size:undefined disposed:false
1750 silly placeDep ROOT fill-range@7.1.1 OK for: braces@3.0.3 want: ^7.1.1
1751 silly fetch manifest to-regex-range@^5.0.1
1752 silly packumentCache full:https://registry.npmjs.org/to-regex-range cache-miss
1753 http fetch GET 200 https://registry.npmjs.org/to-regex-range 59ms (cache miss)
1754 silly packumentCache full:https://registry.npmjs.org/to-regex-range set size:undefined disposed:false
1755 silly placeDep ROOT to-regex-range@5.0.1 OK for: fill-range@7.1.1 want: ^5.0.1
1756 silly fetch manifest is-number@^7.0.0
1757 silly packumentCache full:https://registry.npmjs.org/is-number cache-miss
1758 http fetch GET 200 https://registry.npmjs.org/is-number 44ms (cache miss)
1759 silly packumentCache full:https://registry.npmjs.org/is-number set size:undefined disposed:false
1760 silly placeDep ROOT brace-expansion@1.1.12 OK for: minimatch@3.1.2 want: ^1.1.7
1761 silly fetch manifest concat-map@0.0.1
1762 silly packumentCache full:https://registry.npmjs.org/concat-map cache-miss
1763 silly fetch manifest balanced-match@^1.0.0
1764 silly packumentCache full:https://registry.npmjs.org/balanced-match cache-miss
1765 http fetch GET 200 https://registry.npmjs.org/balanced-match 50ms (cache miss)
1766 silly packumentCache full:https://registry.npmjs.org/balanced-match set size:undefined disposed:false
1767 http fetch GET 200 https://registry.npmjs.org/concat-map 66ms (cache miss)
1768 silly packumentCache full:https://registry.npmjs.org/concat-map set size:undefined disposed:false
1769 silly placeDep ROOT balanced-match@1.0.2 OK for: brace-expansion@1.1.12 want: ^1.0.0
1770 silly placeDep ROOT concat-map@0.0.1 OK for: brace-expansion@1.1.12 want: 0.0.1
1771 silly fetch manifest react@^18.2.0
1772 silly packumentCache full:https://registry.npmjs.org/react cache-miss
1773 http cache https://registry.npmjs.org/react 14ms (cache hit)
1774 silly packumentCache full:https://registry.npmjs.org/react set size:6496179 disposed:false
1775 silly placeDep ROOT @next/env@14.2.5 OK for: next@14.2.5 want: 14.2.5
1776 silly placeDep ROOT @next/swc-darwin-arm64@14.2.5 OK for: next@14.2.5 want: 14.2.5
1777 silly placeDep ROOT @next/swc-darwin-x64@14.2.5 OK for: next@14.2.5 want: 14.2.5
1778 silly placeDep ROOT @next/swc-linux-arm64-gnu@14.2.5 OK for: next@14.2.5 want: 14.2.5
1779 silly placeDep ROOT @next/swc-linux-arm64-musl@14.2.5 OK for: next@14.2.5 want: 14.2.5
1780 silly placeDep ROOT @next/swc-linux-x64-gnu@14.2.5 OK for: next@14.2.5 want: 14.2.5
1781 silly placeDep ROOT @next/swc-linux-x64-musl@14.2.5 OK for: next@14.2.5 want: 14.2.5
1782 silly placeDep ROOT @next/swc-win32-arm64-msvc@14.2.5 OK for: next@14.2.5 want: 14.2.5
1783 silly placeDep ROOT @next/swc-win32-ia32-msvc@14.2.5 OK for: next@14.2.5 want: 14.2.5
1784 silly placeDep ROOT @next/swc-win32-x64-msvc@14.2.5 OK for: next@14.2.5 want: 14.2.5
1785 silly placeDep ROOT @swc/helpers@0.5.5 OK for: next@14.2.5 want: 0.5.5
1786 silly placeDep ROOT busboy@1.6.0 OK for: next@14.2.5 want: 1.6.0
1787 silly placeDep ROOT caniuse-lite@1.0.30001770 OK for: next@14.2.5 want: ^1.0.30001579
1788 silly placeDep ROOT graceful-fs@4.2.11 OK for: next@14.2.5 want: ^4.2.11
1789 silly placeDep ROOT postcss@8.4.31 OK for: next@14.2.5 want: 8.4.31
1790 silly placeDep ROOT styled-jsx@5.1.1 OK for: next@14.2.5 want: 5.1.1
1791 silly fetch manifest tslib@^2.4.0
1792 silly packumentCache full:https://registry.npmjs.org/tslib cache-miss
1793 silly fetch manifest @swc/counter@^0.1.3
1794 silly packumentCache full:https://registry.npmjs.org/@swc%2fcounter cache-miss
1795 silly fetch manifest streamsearch@^1.1.0
1796 silly packumentCache full:https://registry.npmjs.org/streamsearch cache-miss
1797 silly fetch manifest nanoid@^3.3.6
1798 silly packumentCache full:https://registry.npmjs.org/nanoid cache-miss
1799 silly fetch manifest picocolors@^1.0.0
1800 silly packumentCache full:https://registry.npmjs.org/picocolors cache-miss
1801 silly fetch manifest source-map-js@^1.0.2
1802 silly packumentCache full:https://registry.npmjs.org/source-map-js cache-miss
1803 silly fetch manifest client-only@0.0.1
1804 silly packumentCache full:https://registry.npmjs.org/client-only cache-miss
1805 http fetch GET 200 https://registry.npmjs.org/picocolors 51ms (cache miss)
1806 silly packumentCache full:https://registry.npmjs.org/picocolors set size:undefined disposed:false
1807 http fetch GET 200 https://registry.npmjs.org/nanoid 65ms (cache miss)
1808 silly packumentCache full:https://registry.npmjs.org/nanoid set size:undefined disposed:false
1809 http fetch GET 200 https://registry.npmjs.org/source-map-js 69ms (cache miss)
1810 silly packumentCache full:https://registry.npmjs.org/source-map-js set size:undefined disposed:false
1811 http fetch GET 200 https://registry.npmjs.org/streamsearch 74ms (cache miss)
1812 silly packumentCache full:https://registry.npmjs.org/streamsearch set size:undefined disposed:false
1813 http fetch GET 200 https://registry.npmjs.org/tslib 75ms (cache miss)
1814 silly packumentCache full:https://registry.npmjs.org/tslib set size:undefined disposed:false
1815 http fetch GET 200 https://registry.npmjs.org/client-only 78ms (cache miss)
1816 silly packumentCache full:https://registry.npmjs.org/client-only set size:undefined disposed:false
1817 http fetch GET 200 https://registry.npmjs.org/@swc%2fcounter 96ms (cache miss)
1818 silly packumentCache full:https://registry.npmjs.org/@swc%2fcounter set size:undefined disposed:false
1819 silly placeDep ROOT @swc/counter@0.1.3 OK for: @swc/helpers@0.5.5 want: ^0.1.3
1820 silly placeDep ROOT tslib@2.8.1 OK for: @swc/helpers@0.5.5 want: ^2.4.0
1821 silly placeDep ROOT streamsearch@1.1.0 OK for: busboy@1.6.0 want: ^1.1.0
1822 silly placeDep ROOT deep-is@0.1.4 OK for: optionator@0.9.4 want: ^0.1.3
1823 silly placeDep ROOT fast-levenshtein@2.0.6 OK for: optionator@0.9.4 want: ^2.0.6
1824 silly placeDep ROOT word-wrap@1.2.5 OK for: optionator@0.9.4 want: ^1.2.5
1825 silly placeDep ROOT p-limit@3.1.0 OK for: p-locate@5.0.0 want: ^3.0.2
1826 silly fetch manifest yocto-queue@^0.1.0
1827 silly packumentCache full:https://registry.npmjs.org/yocto-queue cache-miss
1828 http fetch GET 200 https://registry.npmjs.org/yocto-queue 45ms (cache miss)
1829 silly packumentCache full:https://registry.npmjs.org/yocto-queue set size:undefined disposed:false
1830 silly placeDep ROOT yocto-queue@0.1.0 OK for: p-limit@3.1.0 want: ^0.1.0
1831 silly placeDep ROOT callsites@3.1.0 OK for: parent-module@1.0.1 want: ^3.0.0
1832 silly placeDep ROOT lru-cache@10.4.3 OK for: path-scurry@1.11.1 want: ^10.2.0
1833 silly placeDep ROOT nanoid@3.3.11 OK for: postcss@8.4.31 want: ^3.3.6
1834 silly placeDep ROOT picocolors@1.1.1 OK for: postcss@8.4.31 want: ^1.0.0
1835 silly placeDep ROOT source-map-js@1.2.1 OK for: postcss@8.4.31 want: ^1.0.2
1836 silly placeDep ROOT loose-envify@1.4.0 OK for: prop-types@15.8.1 want: ^1.4.0
1837 silly placeDep ROOT object-assign@4.1.1 OK for: prop-types@15.8.1 want: ^4.1.1
1838 silly placeDep ROOT react-is@16.13.1 OK for: prop-types@15.8.1 want: ^16.13.1
1839 silly fetch manifest js-tokens@^3.0.0 || ^4.0.0
1840 silly packumentCache full:https://registry.npmjs.org/js-tokens cache-miss
1841 http fetch GET 200 https://registry.npmjs.org/js-tokens 42ms (cache miss)
1842 silly packumentCache full:https://registry.npmjs.org/js-tokens set size:undefined disposed:false
1843 silly placeDep ROOT js-tokens@4.0.0 OK for: loose-envify@1.4.0 want: ^3.0.0 || ^4.0.0
1844 silly placeDep ROOT scheduler@0.23.2 OK for: react-dom@18.3.1 want: ^0.23.2
1845 silly placeDep ROOT path-parse@1.0.7 OK for: resolve@1.22.11 want: ^1.0.7
1846 silly placeDep ROOT supports-preserve-symlinks-flag@1.0.0 OK for: resolve@1.22.11 want: ^1.0.0
1847 silly placeDep node_modules/rimraf glob@7.2.3 OK for: rimraf@3.0.2 want: ^7.1.3
1848 silly fetch manifest once@^1.3.0
1849 silly packumentCache full:https://registry.npmjs.org/once cache-miss
1850 silly fetch manifest inflight@^1.0.4
1851 silly packumentCache full:https://registry.npmjs.org/inflight cache-miss
1852 silly fetch manifest inherits@2
1853 silly packumentCache full:https://registry.npmjs.org/inherits cache-miss
1854 silly fetch manifest fs.realpath@^1.0.0
1855 silly packumentCache full:https://registry.npmjs.org/fs.realpath cache-miss
1856 silly fetch manifest path-is-absolute@^1.0.0
1857 silly packumentCache full:https://registry.npmjs.org/path-is-absolute cache-miss
1858 http fetch GET 200 https://registry.npmjs.org/inherits 42ms (cache miss)
1859 silly packumentCache full:https://registry.npmjs.org/inherits set size:undefined disposed:false
1860 http fetch GET 200 https://registry.npmjs.org/once 44ms (cache miss)
1861 silly packumentCache full:https://registry.npmjs.org/once set size:undefined disposed:false
1862 http fetch GET 200 https://registry.npmjs.org/inflight 57ms (cache miss)
1863 silly packumentCache full:https://registry.npmjs.org/inflight set size:undefined disposed:false
1864 http fetch GET 200 https://registry.npmjs.org/fs.realpath 64ms (cache miss)
1865 silly packumentCache full:https://registry.npmjs.org/fs.realpath set size:undefined disposed:false
1866 http fetch GET 200 https://registry.npmjs.org/path-is-absolute 253ms (cache miss)
1867 silly packumentCache full:https://registry.npmjs.org/path-is-absolute set size:undefined disposed:false
1868 silly placeDep ROOT queue-microtask@1.2.3 OK for: run-parallel@1.2.0 want: ^1.2.2
1869 silly placeDep ROOT isarray@2.0.5 OK for: safe-array-concat@1.1.3 want: ^2.0.5
1870 silly placeDep ROOT shebang-regex@3.0.0 OK for: shebang-command@2.0.0 want: ^3.0.0
1871 silly placeDep ROOT side-channel-list@1.0.0 OK for: side-channel@1.1.0 want: ^1.0.0
1872 silly placeDep ROOT side-channel-map@1.0.1 OK for: side-channel@1.1.0 want: ^1.0.1
1873 silly placeDep ROOT side-channel-weakmap@1.0.2 OK for: side-channel@1.1.0 want: ^1.0.2
1874 silly placeDep ROOT eastasianwidth@0.2.0 OK for: string-width@5.1.2 want: ^0.2.0
1875 silly placeDep node_modules/string-width strip-ansi@7.1.2 OK for: string-width@5.1.2 want: ^7.0.1
1876 silly placeDep node_modules/string-width-cjs emoji-regex@8.0.0 OK for: string-width@4.2.3 want: ^8.0.0
1877 silly placeDep ROOT is-fullwidth-code-point@3.0.0 OK for: string-width@4.2.3 want: ^3.0.0
1878 silly placeDep ROOT ansi-regex@5.0.1 OK for: strip-ansi@6.0.1 want: ^5.0.1
1879 silly placeDep ROOT client-only@0.0.1 OK for: styled-jsx@5.1.1 want: 0.0.1
1880 silly placeDep ROOT has-flag@4.0.0 OK for: supports-color@7.2.0 want: ^4.0.0
1881 silly placeDep node_modules/tinyglobby fdir@6.5.0 OK for: tinyglobby@0.2.15 want: ^6.5.0
1882 silly placeDep node_modules/tinyglobby picomatch@4.0.3 OK for: fdir@6.5.0 want: ^3 || ^4
1883 silly placeDep ROOT is-number@7.0.0 OK for: to-regex-range@5.0.1 want: ^7.0.0
1884 silly placeDep ROOT @types/json5@0.0.29 OK for: tsconfig-paths@3.15.0 want: ^0.0.29
1885 silly placeDep ROOT json5@1.0.2 OK for: tsconfig-paths@3.15.0 want: ^1.0.2
1886 silly placeDep ROOT minimist@1.2.8 OK for: tsconfig-paths@3.15.0 want: ^1.2.6
1887 silly placeDep ROOT strip-bom@3.0.0 OK for: tsconfig-paths@3.15.0 want: ^3.0.0
1888 silly fetch manifest minimist@^1.2.0
1889 silly packumentCache full:https://registry.npmjs.org/minimist cache-miss
1890 http cache https://registry.npmjs.org/minimist 2ms (cache hit)
1891 silly packumentCache full:https://registry.npmjs.org/minimist set size:77082 disposed:false
1892 silly placeDep ROOT for-each@0.3.5 OK for: typed-array-byte-length@1.0.3 want: ^0.3.3
1893 silly placeDep ROOT reflect.getprototypeof@1.0.10 OK for: typed-array-byte-offset@1.0.4 want: ^1.0.9
1894 silly fetch manifest which-builtin-type@^1.2.1
1895 silly packumentCache full:https://registry.npmjs.org/which-builtin-type cache-miss
1896 http fetch GET 200 https://registry.npmjs.org/which-builtin-type 43ms (cache miss)
1897 silly packumentCache full:https://registry.npmjs.org/which-builtin-type set size:undefined disposed:false
1898 silly placeDep ROOT which-builtin-type@1.2.1 OK for: reflect.getprototypeof@1.0.10 want: ^1.2.1
1899 silly fetch manifest is-async-function@^2.0.0
1900 silly packumentCache full:https://registry.npmjs.org/is-async-function cache-miss
1901 silly fetch manifest is-finalizationregistry@^1.1.0
1902 silly packumentCache full:https://registry.npmjs.org/is-finalizationregistry cache-miss
1903 silly fetch manifest is-generator-function@^1.0.10
1904 silly packumentCache full:https://registry.npmjs.org/is-generator-function cache-miss
1905 silly fetch manifest which-boxed-primitive@^1.1.0
1906 silly packumentCache full:https://registry.npmjs.org/which-boxed-primitive cache-miss
1907 silly fetch manifest which-collection@^1.0.2
1908 silly packumentCache full:https://registry.npmjs.org/which-collection cache-miss
1909 http cache https://registry.npmjs.org/which-boxed-primitive 4ms (cache hit)
1910 silly packumentCache full:https://registry.npmjs.org/which-boxed-primitive set size:19407 disposed:false
1911 http fetch GET 200 https://registry.npmjs.org/is-generator-function 46ms (cache miss)
1912 silly packumentCache full:https://registry.npmjs.org/is-generator-function set size:undefined disposed:false
1913 http fetch GET 200 https://registry.npmjs.org/is-finalizationregistry 234ms (cache miss)
1914 silly packumentCache full:https://registry.npmjs.org/is-finalizationregistry set size:undefined disposed:false
1915 http fetch GET 200 https://registry.npmjs.org/is-async-function 599ms (cache miss)
1916 silly packumentCache full:https://registry.npmjs.org/is-async-function set size:undefined disposed:false
1917 http fetch GET 200 https://registry.npmjs.org/which-collection 646ms (cache miss)
1918 silly packumentCache full:https://registry.npmjs.org/which-collection set size:undefined disposed:false
1919 silly placeDep ROOT has-bigints@1.1.0 OK for: unbox-primitive@1.1.0 want: ^1.0.2
1920 silly placeDep ROOT which-boxed-primitive@1.1.1 OK for: unbox-primitive@1.1.0 want: ^1.1.1
1921 silly fetch manifest is-bigint@^1.1.0
1922 silly packumentCache full:https://registry.npmjs.org/is-bigint cache-miss
1923 silly fetch manifest is-boolean-object@^1.2.1
1924 silly packumentCache full:https://registry.npmjs.org/is-boolean-object cache-miss
1925 silly fetch manifest is-number-object@^1.1.1
1926 silly packumentCache full:https://registry.npmjs.org/is-number-object cache-miss
1927 http fetch GET 200 https://registry.npmjs.org/is-boolean-object 79ms (cache miss)
1928 silly packumentCache full:https://registry.npmjs.org/is-boolean-object set size:undefined disposed:false
1929 http fetch GET 200 https://registry.npmjs.org/is-bigint 231ms (cache miss)
1930 silly packumentCache full:https://registry.npmjs.org/is-bigint set size:undefined disposed:false
1931 http fetch GET 200 https://registry.npmjs.org/is-number-object 610ms (cache miss)
1932 silly packumentCache full:https://registry.npmjs.org/is-number-object set size:undefined disposed:false
1933 silly placeDep ROOT @unrs/resolver-binding-android-arm-eabi@1.11.1 OK for: unrs-resolver@1.11.1 want: 1.11.1
1934 silly placeDep ROOT @unrs/resolver-binding-android-arm64@1.11.1 OK for: unrs-resolver@1.11.1 want: 1.11.1
1935 silly placeDep ROOT @unrs/resolver-binding-darwin-arm64@1.11.1 OK for: unrs-resolver@1.11.1 want: 1.11.1
1936 silly placeDep ROOT @unrs/resolver-binding-darwin-x64@1.11.1 OK for: unrs-resolver@1.11.1 want: 1.11.1
1937 silly placeDep ROOT @unrs/resolver-binding-freebsd-x64@1.11.1 OK for: unrs-resolver@1.11.1 want: 1.11.1
1938 silly placeDep ROOT @unrs/resolver-binding-linux-arm-gnueabihf@1.11.1 OK for: unrs-resolver@1.11.1 want: 1.11.1
1939 silly placeDep ROOT @unrs/resolver-binding-linux-arm-musleabihf@1.11.1 OK for: unrs-resolver@1.11.1 want: 1.11.1
1940 silly placeDep ROOT @unrs/resolver-binding-linux-arm64-gnu@1.11.1 OK for: unrs-resolver@1.11.1 want: 1.11.1
1941 silly placeDep ROOT @unrs/resolver-binding-linux-arm64-musl@1.11.1 OK for: unrs-resolver@1.11.1 want: 1.11.1
1942 silly placeDep ROOT @unrs/resolver-binding-linux-ppc64-gnu@1.11.1 OK for: unrs-resolver@1.11.1 want: 1.11.1
1943 silly placeDep ROOT @unrs/resolver-binding-linux-riscv64-gnu@1.11.1 OK for: unrs-resolver@1.11.1 want: 1.11.1
1944 silly placeDep ROOT @unrs/resolver-binding-linux-riscv64-musl@1.11.1 OK for: unrs-resolver@1.11.1 want: 1.11.1
1945 silly placeDep ROOT @unrs/resolver-binding-linux-s390x-gnu@1.11.1 OK for: unrs-resolver@1.11.1 want: 1.11.1
1946 silly placeDep ROOT @unrs/resolver-binding-linux-x64-gnu@1.11.1 OK for: unrs-resolver@1.11.1 want: 1.11.1
1947 silly placeDep ROOT @unrs/resolver-binding-linux-x64-musl@1.11.1 OK for: unrs-resolver@1.11.1 want: 1.11.1
1948 silly placeDep ROOT @unrs/resolver-binding-wasm32-wasi@1.11.1 OK for: unrs-resolver@1.11.1 want: 1.11.1
1949 silly placeDep ROOT @unrs/resolver-binding-win32-arm64-msvc@1.11.1 OK for: unrs-resolver@1.11.1 want: 1.11.1
1950 silly placeDep ROOT @unrs/resolver-binding-win32-ia32-msvc@1.11.1 OK for: unrs-resolver@1.11.1 want: 1.11.1
1951 silly placeDep ROOT @unrs/resolver-binding-win32-x64-msvc@1.11.1 OK for: unrs-resolver@1.11.1 want: 1.11.1
1952 silly placeDep ROOT napi-postinstall@0.3.4 OK for: unrs-resolver@1.11.1 want: ^0.3.0
1953 silly fetch manifest @napi-rs/wasm-runtime@^0.2.11
1954 silly packumentCache full:https://registry.npmjs.org/@napi-rs%2fwasm-runtime cache-miss
1955 http fetch GET 200 https://registry.npmjs.org/@napi-rs%2fwasm-runtime 74ms (cache miss)
1956 silly packumentCache full:https://registry.npmjs.org/@napi-rs%2fwasm-runtime set size:undefined disposed:false
1957 silly placeDep ROOT @napi-rs/wasm-runtime@0.2.12 OK for: @unrs/resolver-binding-wasm32-wasi@1.11.1 want: ^0.2.11
1958 silly fetch manifest @emnapi/core@^1.4.3
1959 silly packumentCache full:https://registry.npmjs.org/@emnapi%2fcore cache-miss
1960 silly fetch manifest @emnapi/runtime@^1.4.3
1961 silly packumentCache full:https://registry.npmjs.org/@emnapi%2fruntime cache-miss
1962 silly fetch manifest @tybys/wasm-util@^0.10.0
1963 silly packumentCache full:https://registry.npmjs.org/@tybys%2fwasm-util cache-miss
1964 http fetch GET 200 https://registry.npmjs.org/@emnapi%2fcore 61ms (cache miss)
1965 silly packumentCache full:https://registry.npmjs.org/@emnapi%2fcore set size:undefined disposed:false
1966 http fetch GET 200 https://registry.npmjs.org/@tybys%2fwasm-util 72ms (cache miss)
1967 silly packumentCache full:https://registry.npmjs.org/@tybys%2fwasm-util set size:undefined disposed:false
1968 http fetch GET 200 https://registry.npmjs.org/@emnapi%2fruntime 859ms (cache miss)
1969 silly packumentCache full:https://registry.npmjs.org/@emnapi%2fruntime set size:undefined disposed:false
1970 silly placeDep ROOT @emnapi/core@1.8.1 OK for: @napi-rs/wasm-runtime@0.2.12 want: ^1.4.3
1971 silly placeDep ROOT @emnapi/runtime@1.8.1 OK for: @napi-rs/wasm-runtime@0.2.12 want: ^1.4.3
1972 silly placeDep ROOT @tybys/wasm-util@0.10.1 OK for: @napi-rs/wasm-runtime@0.2.12 want: ^0.10.0
1973 silly fetch manifest @emnapi/wasi-threads@1.1.0
1974 silly packumentCache full:https://registry.npmjs.org/@emnapi%2fwasi-threads cache-miss
1975 http fetch GET 200 https://registry.npmjs.org/@emnapi%2fwasi-threads 100ms (cache miss)
1976 silly packumentCache full:https://registry.npmjs.org/@emnapi%2fwasi-threads set size:undefined disposed:false
1977 silly placeDep ROOT @emnapi/wasi-threads@1.1.0 OK for: @emnapi/core@1.8.1 want: 1.1.0
1978 silly placeDep ROOT punycode@2.3.1 OK for: uri-js@4.4.1 want: ^2.1.0
1979 silly placeDep ROOT isexe@2.0.0 OK for: which@2.0.2 want: ^2.0.0
1980 silly placeDep ROOT is-bigint@1.1.0 OK for: which-boxed-primitive@1.1.1 want: ^1.1.0
1981 silly placeDep ROOT is-boolean-object@1.2.2 OK for: which-boxed-primitive@1.1.1 want: ^1.2.1
1982 silly placeDep ROOT is-number-object@1.1.1 OK for: which-boxed-primitive@1.1.1 want: ^1.1.1
1983 silly placeDep ROOT is-async-function@2.1.1 OK for: which-builtin-type@1.2.1 want: ^2.0.0
1984 silly placeDep ROOT is-finalizationregistry@1.1.1 OK for: which-builtin-type@1.2.1 want: ^1.1.0
1985 silly placeDep ROOT is-generator-function@1.1.2 OK for: which-builtin-type@1.2.1 want: ^1.0.10
1986 silly placeDep ROOT which-collection@1.0.2 OK for: which-builtin-type@1.2.1 want: ^1.0.2
1987 silly fetch manifest async-function@^1.0.0
1988 silly packumentCache full:https://registry.npmjs.org/async-function cache-miss
1989 silly fetch manifest generator-function@^2.0.0
1990 silly packumentCache full:https://registry.npmjs.org/generator-function cache-miss
1991 silly fetch manifest is-map@^2.0.3
1992 silly packumentCache full:https://registry.npmjs.org/is-map cache-miss
1993 silly fetch manifest is-weakmap@^2.0.2
1994 silly packumentCache full:https://registry.npmjs.org/is-weakmap cache-miss
1995 silly fetch manifest is-weakset@^2.0.3
1996 silly packumentCache full:https://registry.npmjs.org/is-weakset cache-miss
1997 http fetch GET 200 https://registry.npmjs.org/is-map 46ms (cache miss)
1998 silly packumentCache full:https://registry.npmjs.org/is-map set size:undefined disposed:false
1999 http fetch GET 200 https://registry.npmjs.org/generator-function 48ms (cache miss)
2000 silly packumentCache full:https://registry.npmjs.org/generator-function set size:undefined disposed:false
2001 http fetch GET 200 https://registry.npmjs.org/is-weakmap 52ms (cache miss)
2002 silly packumentCache full:https://registry.npmjs.org/is-weakmap set size:undefined disposed:false
2003 http fetch GET 200 https://registry.npmjs.org/is-weakset 59ms (cache miss)
2004 silly packumentCache full:https://registry.npmjs.org/is-weakset set size:undefined disposed:false
2005 http fetch GET 200 https://registry.npmjs.org/async-function 84ms (cache miss)
2006 silly packumentCache full:https://registry.npmjs.org/async-function set size:undefined disposed:false
2007 silly placeDep ROOT async-function@1.0.0 OK for: is-async-function@2.1.1 want: ^1.0.0
2008 silly placeDep ROOT generator-function@2.0.1 OK for: is-generator-function@1.1.2 want: ^2.0.0
2009 silly placeDep ROOT is-map@2.0.3 OK for: which-collection@1.0.2 want: ^2.0.3
2010 silly placeDep ROOT is-weakmap@2.0.2 OK for: which-collection@1.0.2 want: ^2.0.2
2011 silly placeDep ROOT is-weakset@2.0.4 OK for: which-collection@1.0.2 want: ^2.0.3
2012 silly placeDep node_modules/wrap-ansi ansi-styles@6.2.3 OK for: wrap-ansi@8.1.0 want: ^6.1.0
2013 silly placeDep node_modules/wrap-ansi strip-ansi@7.1.2 OK for: wrap-ansi@8.1.0 want: ^7.0.1
2014 silly placeDep node_modules/wrap-ansi-cjs string-width@4.2.3 OK for: wrap-ansi@7.0.0 want: ^4.1.0
2015 silly placeDep node_modules/@isaacs/cliui ansi-regex@6.2.2 OK for: strip-ansi@7.1.2 want: ^6.0.1
2016 silly placeDep node_modules/@typescript-eslint/typescript-estree brace-expansion@2.0.2 OK for: minimatch@9.0.3 want: ^2.0.1
2017 silly placeDep ROOT node-exports-info@1.6.0 OK for: resolve@2.0.0-next.6 want: ^1.6.0
2018 silly placeDep node_modules/node-exports-info semver@6.3.1 OK for: node-exports-info@1.6.0 want: ^6.3.1
2019 silly placeDep node_modules/glob brace-expansion@2.0.2 OK for: minimatch@9.0.5 want: ^2.0.1
2020 silly placeDep ROOT fs.realpath@1.0.0 OK for: glob@7.2.3 want: ^1.0.0
2021 silly placeDep ROOT inflight@1.0.6 OK for: glob@7.2.3 want: ^1.0.4
2022 silly placeDep ROOT inherits@2.0.4 OK for: glob@7.2.3 want: 2
2023 silly placeDep ROOT once@1.4.0 OK for: glob@7.2.3 want: ^1.3.0
2024 silly placeDep ROOT path-is-absolute@1.0.1 OK for: glob@7.2.3 want: ^1.0.0
2025 silly fetch manifest wrappy@1
2026 silly packumentCache full:https://registry.npmjs.org/wrappy cache-miss
2027 silly fetch manifest wrappy@1
2028 silly packumentCache full:https://registry.npmjs.org/wrappy cache-miss
2029 http fetch GET 200 https://registry.npmjs.org/wrappy 46ms (cache miss)
2030 silly packumentCache full:https://registry.npmjs.org/wrappy set size:undefined disposed:false
2031 http fetch GET 200 https://registry.npmjs.org/wrappy 77ms (cache miss)
2032 silly packumentCache full:https://registry.npmjs.org/wrappy set size:undefined disposed:false
2033 silly placeDep ROOT wrappy@1.0.2 OK for: inflight@1.0.6 want: 1
2034 silly placeDep node_modules/string-width ansi-regex@6.2.2 OK for: strip-ansi@7.1.2 want: ^6.0.1
2035 silly placeDep node_modules/wrap-ansi-cjs emoji-regex@8.0.0 OK for: string-width@4.2.3 want: ^8.0.0
2036 silly placeDep node_modules/wrap-ansi ansi-regex@6.2.2 OK for: strip-ansi@7.1.2 want: ^6.0.1
2037 silly reify moves {}
2038 silly audit bulk request {
2038 silly audit   '@types/node': [ '20.14.10' ],
2038 silly audit   '@types/react': [ '18.3.3' ],
2038 silly audit   '@types/react-dom': [ '18.3.0' ],
2038 silly audit   eslint: [ '8.57.0' ],
2038 silly audit   'eslint-config-next': [ '14.2.5' ],
2038 silly audit   next: [ '14.2.5' ],
2038 silly audit   react: [ '18.3.1' ],
2038 silly audit   'react-dom': [ '18.3.1' ],
2038 silly audit   typescript: [ '5.5.3' ],
2038 silly audit   'undici-types': [ '5.26.5' ],
2038 silly audit   '@types/prop-types': [ '15.7.15' ],
2038 silly audit   csstype: [ '3.2.3' ],
2038 silly audit   '@eslint-community/eslint-utils': [ '4.9.1' ],
2038 silly audit   '@eslint-community/regexpp': [ '4.12.2' ],
2038 silly audit   '@eslint/eslintrc': [ '2.1.4' ],
2038 silly audit   '@eslint/js': [ '8.57.0' ],
2038 silly audit   '@humanwhocodes/config-array': [ '0.11.14' ],
2038 silly audit   '@humanwhocodes/module-importer': [ '1.0.1' ],
2038 silly audit   '@nodelib/fs.walk': [ '1.2.8' ],
2038 silly audit   '@ungap/structured-clone': [ '1.3.0' ],
2038 silly audit   ajv: [ '6.12.6' ],
2038 silly audit   chalk: [ '4.1.2' ],
2038 silly audit   'cross-spawn': [ '7.0.6' ],
2038 silly audit   debug: [ '4.4.3', '3.2.7' ],
2038 silly audit   doctrine: [ '3.0.0', '2.1.0' ],
2038 silly audit   'escape-string-regexp': [ '4.0.0' ],
2038 silly audit   'eslint-scope': [ '7.2.2' ],
2038 silly audit   'eslint-visitor-keys': [ '3.4.3' ],
2038 silly audit   espree: [ '9.6.1' ],
2038 silly audit   esquery: [ '1.7.0' ],
2038 silly audit   esutils: [ '2.0.3' ],
2038 silly audit   'fast-deep-equal': [ '3.1.3' ],
2038 silly audit   'file-entry-cache': [ '6.0.1' ],
2038 silly audit   'find-up': [ '5.0.0' ],
2038 silly audit   'glob-parent': [ '6.0.2', '5.1.2' ],
2038 silly audit   globals: [ '13.24.0' ],
2038 silly audit   graphemer: [ '1.4.0' ],
2038 silly audit   ignore: [ '5.3.2' ],
2038 silly audit   imurmurhash: [ '0.1.4' ],
2038 silly audit   'is-glob': [ '4.0.3' ],
2038 silly audit   'is-path-inside': [ '3.0.3' ],
2038 silly audit   'js-yaml': [ '4.1.1' ],
2038 silly audit   'json-stable-stringify-without-jsonify': [ '1.0.1' ],
2038 silly audit   levn: [ '0.4.1' ],
2038 silly audit   'lodash.merge': [ '4.6.2' ],
2038 silly audit   minimatch: [ '3.1.2', '9.0.3', '9.0.5' ],
2038 silly audit   'natural-compare': [ '1.4.0' ],
2038 silly audit   optionator: [ '0.9.4' ],
2038 silly audit   'strip-ansi': [ '6.0.1', '7.1.2' ],
2038 silly audit   'text-table': [ '0.2.0' ],
2038 silly audit   'import-fresh': [ '3.3.1' ],
2038 silly audit   'strip-json-comments': [ '3.1.1' ],
2038 silly audit   '@humanwhocodes/object-schema': [ '2.0.3' ],
2038 silly audit   '@nodelib/fs.scandir': [ '2.1.5' ],
2038 silly audit   fastq: [ '1.20.1' ],
2038 silly audit   '@nodelib/fs.stat': [ '2.0.5' ],
2038 silly audit   'run-parallel': [ '1.2.0' ],
2038 silly audit   'fast-json-stable-stringify': [ '2.1.0' ],
2038 silly audit   'json-schema-traverse': [ '0.4.1' ],
2038 silly audit   'uri-js': [ '4.4.1' ],
2038 silly audit   'ansi-styles': [ '4.3.0', '6.2.3' ],
2038 silly audit   'supports-color': [ '7.2.0' ],
2038 silly audit   'color-convert': [ '2.0.1' ],
2038 silly audit   'color-name': [ '1.1.4' ],
2038 silly audit   'path-key': [ '3.1.1' ],
2038 silly audit   'shebang-command': [ '2.0.0' ],
2038 silly audit   which: [ '2.0.2' ],
2038 silly audit   ms: [ '2.1.3' ],
2038 silly audit   '@next/eslint-plugin-next': [ '14.2.5' ],
2038 silly audit   '@rushstack/eslint-patch': [ '1.15.0' ],
2038 silly audit   '@typescript-eslint/parser': [ '7.2.0' ],
2038 silly audit   'eslint-import-resolver-node': [ '0.3.9' ],
2038 silly audit   'eslint-import-resolver-typescript': [ '3.10.1' ],
2038 silly audit   'eslint-plugin-import': [ '2.32.0' ],
2038 silly audit   'eslint-plugin-jsx-a11y': [ '6.10.2' ],
2038 silly audit   'eslint-plugin-react': [ '7.37.5' ],
2038 silly audit   'eslint-plugin-react-hooks': [ '5.0.0-canary-7118f5dd7-20230705' ],
2038 silly audit   glob: [ '10.3.10', '7.2.3' ],
2038 silly audit   '@typescript-eslint/scope-manager': [ '7.2.0' ],
2038 silly audit   '@typescript-eslint/types': [ '7.2.0' ],
2038 silly audit   '@typescript-eslint/typescript-estree': [ '7.2.0' ],
2038 silly audit   '@typescript-eslint/visitor-keys': [ '7.2.0' ],
2038 silly audit   globby: [ '11.1.0' ],
2038 silly audit   semver: [ '7.7.4', '6.3.1' ],
2038 silly audit   'ts-api-utils': [ '1.4.3' ],
2038 silly audit   'is-core-module': [ '2.16.1' ],
2038 silly audit   resolve: [ '1.22.11', '2.0.0-next.6' ],
2038 silly audit   '@nolyfill/is-core-module': [ '1.0.39' ],
2038 silly audit   'get-tsconfig': [ '4.13.6' ],
2038 silly audit   'is-bun-module': [ '2.0.0' ],
2038 silly audit   'stable-hash': [ '0.0.5' ],
2038 silly audit   tinyglobby: [ '0.2.15' ],
2038 silly audit   'unrs-resolver': [ '1.11.1' ],
2038 silly audit   '@rtsao/scc': [ '1.1.0' ],
2038 silly audit   'array-includes': [ '3.1.9' ],
2038 silly audit   'array.prototype.findlastindex': [ '1.2.6' ],
2038 silly audit   'array.prototype.flat': [ '1.3.3' ],
2038 silly audit   'array.prototype.flatmap': [ '1.3.3' ],
2038 silly audit   'eslint-module-utils': [ '2.12.1' ],
2038 silly audit   hasown: [ '2.0.2' ],
2038 silly audit   'object.fromentries': [ '2.0.8' ],
2038 silly audit   'object.groupby': [ '1.0.3' ],
2038 silly audit   'object.values': [ '1.2.1' ],
2038 silly audit   'string.prototype.trimend': [ '1.0.9' ],
2038 silly audit   'tsconfig-paths': [ '3.15.0' ],
2038 silly audit   'call-bind': [ '1.0.8' ],
2038 silly audit   'call-bound': [ '1.0.4' ],
2038 silly audit   'define-properties': [ '1.2.1' ],
2038 silly audit   'es-abstract': [ '1.24.1' ],
2038 silly audit   'es-object-atoms': [ '1.1.1' ],
2038 silly audit   'get-intrinsic': [ '1.3.0' ],
2038 silly audit   'is-string': [ '1.1.1' ],
2038 silly audit   'math-intrinsics': [ '1.1.0' ],
2038 silly audit   'es-errors': [ '1.3.0' ],
2038 silly audit   'es-shim-unscopables': [ '1.1.0' ],
2038 silly audit   'call-bind-apply-helpers': [ '1.0.2' ],
2038 silly audit   'es-define-property': [ '1.0.1' ],
2038 silly audit   'set-function-length': [ '1.2.2' ],
2038 silly audit   'function-bind': [ '1.1.2' ],
2038 silly audit   'define-data-property': [ '1.1.4' ],
2038 silly audit   'has-property-descriptors': [ '1.0.2' ],
2038 silly audit   'object-keys': [ '1.1.1' ],
2038 silly audit   gopd: [ '1.2.0' ],
2038 silly audit   'array-buffer-byte-length': [ '1.0.2' ],
2038 silly audit   'arraybuffer.prototype.slice': [ '1.0.4' ],
2038 silly audit   'available-typed-arrays': [ '1.0.7' ],
2038 silly audit   'data-view-buffer': [ '1.0.2' ],
2038 silly audit   'data-view-byte-length': [ '1.0.2' ],
2038 silly audit   'data-view-byte-offset': [ '1.0.1' ],
2038 silly audit   'es-set-tostringtag': [ '2.1.0' ],
2038 silly audit   'es-to-primitive': [ '1.3.0' ],
2038 silly audit   'function.prototype.name': [ '1.1.8' ],
2038 silly audit   'get-proto': [ '1.0.1' ],
2038 silly audit   'get-symbol-description': [ '1.1.0' ],
2038 silly audit   globalthis: [ '1.0.4' ],
2038 silly audit   'has-proto': [ '1.2.0' ],
2038 silly audit   'has-symbols': [ '1.1.0' ],
2038 silly audit   'internal-slot': [ '1.1.0' ],
2038 silly audit   'is-array-buffer': [ '3.0.5' ],
2038 silly audit   'is-callable': [ '1.2.7' ],
2038 silly audit   'is-data-view': [ '1.0.2' ],
2038 silly audit   'is-negative-zero': [ '2.0.3' ],
2038 silly audit   'is-regex': [ '1.2.1' ],
2038 silly audit   'is-set': [ '2.0.3' ],
2038 silly audit   'is-shared-array-buffer': [ '1.0.4' ],
2038 silly audit   'is-typed-array': [ '1.1.15' ],
2038 silly audit   'is-weakref': [ '1.1.1' ],
2038 silly audit   'object-inspect': [ '1.13.4' ],
2038 silly audit   'object.assign': [ '4.1.7' ],
2038 silly audit   'own-keys': [ '1.0.1' ],
2038 silly audit   'regexp.prototype.flags': [ '1.5.4' ],
2038 silly audit   'safe-array-concat': [ '1.1.3' ],
2038 silly audit   'safe-push-apply': [ '1.0.0' ],
2038 silly audit   'safe-regex-test': [ '1.1.0' ],
2038 silly audit   'set-proto': [ '1.0.0' ],
2038 silly audit   'stop-iteration-iterator': [ '1.1.0' ],
2038 silly audit   'string.prototype.trim': [ '1.2.10' ],
2038 silly audit   'string.prototype.trimstart': [ '1.0.8' ],
2038 silly audit   'typed-array-buffer': [ '1.0.3' ],
2038 silly audit   'typed-array-byte-length': [ '1.0.3' ],
2038 silly audit   'typed-array-byte-offset': [ '1.0.4' ],
2038 silly audit   'typed-array-length': [ '1.0.7' ],
2038 silly audit   'unbox-primitive': [ '1.1.0' ],
2038 silly audit   'which-typed-array': [ '1.1.20' ],
2038 silly audit   'possible-typed-array-names': [ '1.1.0' ],
2038 silly audit   'has-tostringtag': [ '1.0.2' ],
2038 silly audit   'is-date-object': [ '1.1.0' ],
2038 silly audit   'is-symbol': [ '1.1.1' ],
2038 silly audit   'aria-query': [ '5.3.2' ],
2038 silly audit   'ast-types-flow': [ '0.0.8' ],
2038 silly audit   'axe-core': [ '4.11.1' ],
2038 silly audit   'axobject-query': [ '4.1.0' ],
2038 silly audit   'damerau-levenshtein': [ '1.0.8' ],
2038 silly audit   'emoji-regex': [ '9.2.2', '8.0.0' ],
2038 silly audit   'jsx-ast-utils': [ '3.3.5' ],
2038 silly audit   'language-tags': [ '1.0.9' ],
2038 silly audit   'string.prototype.includes': [ '2.0.1' ],
2038 silly audit   'array.prototype.findlast': [ '1.2.5' ],
2038 silly audit   'array.prototype.tosorted': [ '1.1.4' ],
2038 silly audit   'es-iterator-helpers': [ '1.2.2' ],
2038 silly audit   estraverse: [ '5.3.0' ],
2038 silly audit   'object.entries': [ '1.1.9' ],
2038 silly audit   'prop-types': [ '15.8.1' ],
2038 silly audit   'string.prototype.matchall': [ '4.0.12' ],
2038 silly audit   'string.prototype.repeat': [ '1.0.0' ],
2038 silly audit   'iterator.prototype': [ '1.1.5' ],
2038 silly audit   esrecurse: [ '4.3.0' ],
2038 silly audit   acorn: [ '8.15.0' ],
2038 silly audit   'acorn-jsx': [ '5.3.2' ],
2038 silly audit   reusify: [ '1.1.0' ],
2038 silly audit   'flat-cache': [ '3.2.0' ],
2038 silly audit   'locate-path': [ '6.0.0' ],
2038 silly audit   'path-exists': [ '4.0.0' ],
2038 silly audit   flatted: [ '3.3.3' ],
2038 silly audit   keyv: [ '4.5.4' ],
2038 silly audit   rimraf: [ '3.0.2' ],
2038 silly audit   'functions-have-names': [ '1.2.3' ],
2038 silly audit   'dunder-proto': [ '1.0.1' ],
2038 silly audit   'resolve-pkg-maps': [ '1.0.0' ],
2038 silly audit   'foreground-child': [ '3.3.1' ],
2038 silly audit   jackspeak: [ '2.3.6' ],
2038 silly audit   minipass: [ '7.1.2' ],
2038 silly audit   'path-scurry': [ '1.11.1' ],
2038 silly audit   'signal-exit': [ '4.1.0' ],
2038 silly audit   'type-fest': [ '0.20.2' ],
2038 silly audit   'array-union': [ '2.1.0' ],
2038 silly audit   'dir-glob': [ '3.0.1' ],
2038 silly audit   'fast-glob': [ '3.3.3' ],
2038 silly audit   merge2: [ '1.4.1' ],
2038 silly audit   slash: [ '3.0.0' ],
2038 silly audit   'path-type': [ '4.0.0' ],
2038 silly audit   micromatch: [ '4.0.8' ],
2038 silly audit   'parent-module': [ '1.0.1' ],
2038 silly audit   'resolve-from': [ '4.0.0' ],
2038 silly audit   'side-channel': [ '1.1.0' ],
2038 silly audit   'is-extglob': [ '2.1.1' ],
2038 silly audit   'set-function-name': [ '2.0.2' ],
2038 silly audit   '@isaacs/cliui': [ '8.0.2' ],
2038 silly audit   '@pkgjs/parseargs': [ '0.11.0' ],
2038 silly audit   'string-width': [ '5.1.2', '4.2.3' ],
2038 silly audit   'wrap-ansi': [ '8.1.0', '7.0.0' ],
2038 silly audit   argparse: [ '2.0.1' ],
2038 silly audit   'json-buffer': [ '3.0.1' ],
2038 silly audit   'language-subtag-registry': [ '0.3.23' ],
2038 silly audit   'prelude-ls': [ '1.2.1' ],
2038 silly audit   'type-check': [ '0.4.0' ],
2038 silly audit   'p-locate': [ '5.0.0' ],
2038 silly audit   braces: [ '3.0.3' ],
2038 silly audit   picomatch: [ '2.3.1', '4.0.3' ],
2038 silly audit   'fill-range': [ '7.1.1' ],
2038 silly audit   'to-regex-range': [ '5.0.1' ],
2038 silly audit   'brace-expansion': [ '1.1.12', '2.0.2' ],
2038 silly audit   'balanced-match': [ '1.0.2' ],
2038 silly audit   'concat-map': [ '0.0.1' ],
2038 silly audit   '@next/env': [ '14.2.5' ],
2038 silly audit   '@next/swc-darwin-arm64': [ '14.2.5' ],
2038 silly audit   '@next/swc-darwin-x64': [ '14.2.5' ],
2038 silly audit   '@next/swc-linux-arm64-gnu': [ '14.2.5' ],
2038 silly audit   '@next/swc-linux-arm64-musl': [ '14.2.5' ],
2038 silly audit   '@next/swc-linux-x64-gnu': [ '14.2.5' ],
2038 silly audit   '@next/swc-linux-x64-musl': [ '14.2.5' ],
2038 silly audit   '@next/swc-win32-arm64-msvc': [ '14.2.5' ],
2038 silly audit   '@next/swc-win32-ia32-msvc': [ '14.2.5' ],
2038 silly audit   '@next/swc-win32-x64-msvc': [ '14.2.5' ],
2038 silly audit   '@swc/helpers': [ '0.5.5' ],
2038 silly audit   busboy: [ '1.6.0' ],
2038 silly audit   'caniuse-lite': [ '1.0.30001770' ],
2038 silly audit   'graceful-fs': [ '4.2.11' ],
2038 silly audit   postcss: [ '8.4.31' ],
2038 silly audit   'styled-jsx': [ '5.1.1' ],
2038 silly audit   '@swc/counter': [ '0.1.3' ],
2038 silly audit   tslib: [ '2.8.1' ],
2038 silly audit   streamsearch: [ '1.1.0' ],
2038 silly audit   'deep-is': [ '0.1.4' ],
2038 silly audit   'fast-levenshtein': [ '2.0.6' ],
2038 silly audit   'word-wrap': [ '1.2.5' ],
2038 silly audit   'p-limit': [ '3.1.0' ],
2038 silly audit   'yocto-queue': [ '0.1.0' ],
2038 silly audit   callsites: [ '3.1.0' ],
2038 silly audit   'lru-cache': [ '10.4.3' ],
2038 silly audit   nanoid: [ '3.3.11' ],
2038 silly audit   picocolors: [ '1.1.1' ],
2038 silly audit   'source-map-js': [ '1.2.1' ],
2038 silly audit   'loose-envify': [ '1.4.0' ],
2038 silly audit   'object-assign': [ '4.1.1' ],
2038 silly audit   'react-is': [ '16.13.1' ],
2038 silly audit   'js-tokens': [ '4.0.0' ],
2038 silly audit   scheduler: [ '0.23.2' ],
2038 silly audit   'path-parse': [ '1.0.7' ],
2038 silly audit   'supports-preserve-symlinks-flag': [ '1.0.0' ],
2038 silly audit   'queue-microtask': [ '1.2.3' ],
2038 silly audit   isarray: [ '2.0.5' ],
2038 silly audit   'shebang-regex': [ '3.0.0' ],
2038 silly audit   'side-channel-list': [ '1.0.0' ],
2038 silly audit   'side-channel-map': [ '1.0.1' ],
2038 silly audit   'side-channel-weakmap': [ '1.0.2' ],
2038 silly audit   eastasianwidth: [ '0.2.0' ],
2038 silly audit   'is-fullwidth-code-point': [ '3.0.0' ],
2038 silly audit   'ansi-regex': [ '5.0.1', '6.2.2' ],
2038 silly audit   'client-only': [ '0.0.1' ],
2038 silly audit   'has-flag': [ '4.0.0' ],
2038 silly audit   fdir: [ '6.5.0' ],
2038 silly audit   'is-number': [ '7.0.0' ],
2038 silly audit   '@types/json5': [ '0.0.29' ],
2038 silly audit   json5: [ '1.0.2' ],
2038 silly audit   minimist: [ '1.2.8' ],
2038 silly audit   'strip-bom': [ '3.0.0' ],
2038 silly audit   'for-each': [ '0.3.5' ],
2038 silly audit   'reflect.getprototypeof': [ '1.0.10' ],
2038 silly audit   'which-builtin-type': [ '1.2.1' ],
2038 silly audit   'has-bigints': [ '1.1.0' ],
2038 silly audit   'which-boxed-primitive': [ '1.1.1' ],
2038 silly audit   '@unrs/resolver-binding-android-arm-eabi': [ '1.11.1' ],
2038 silly audit   '@unrs/resolver-binding-android-arm64': [ '1.11.1' ],
2038 silly audit   '@unrs/resolver-binding-darwin-arm64': [ '1.11.1' ],
2038 silly audit   '@unrs/resolver-binding-darwin-x64': [ '1.11.1' ],
2038 silly audit   '@unrs/resolver-binding-freebsd-x64': [ '1.11.1' ],
2038 silly audit   '@unrs/resolver-binding-linux-arm-gnueabihf': [ '1.11.1' ],
2038 silly audit   '@unrs/resolver-binding-linux-arm-musleabihf': [ '1.11.1' ],
2038 silly audit   '@unrs/resolver-binding-linux-arm64-gnu': [ '1.11.1' ],
2038 silly audit   '@unrs/resolver-binding-linux-arm64-musl': [ '1.11.1' ],
2038 silly audit   '@unrs/resolver-binding-linux-ppc64-gnu': [ '1.11.1' ],
2038 silly audit   '@unrs/resolver-binding-linux-riscv64-gnu': [ '1.11.1' ],
2038 silly audit   '@unrs/resolver-binding-linux-riscv64-musl': [ '1.11.1' ],
2038 silly audit   '@unrs/resolver-binding-linux-s390x-gnu': [ '1.11.1' ],
2038 silly audit   '@unrs/resolver-binding-linux-x64-gnu': [ '1.11.1' ],
2038 silly audit   '@unrs/resolver-binding-linux-x64-musl': [ '1.11.1' ],
2038 silly audit   '@unrs/resolver-binding-wasm32-wasi': [ '1.11.1' ],
2038 silly audit   '@unrs/resolver-binding-win32-arm64-msvc': [ '1.11.1' ],
2038 silly audit   '@unrs/resolver-binding-win32-ia32-msvc': [ '1.11.1' ],
2038 silly audit   '@unrs/resolver-binding-win32-x64-msvc': [ '1.11.1' ],
2038 silly audit   'napi-postinstall': [ '0.3.4' ],
2038 silly audit   '@napi-rs/wasm-runtime': [ '0.2.12' ],
2038 silly audit   '@emnapi/core': [ '1.8.1' ],
2038 silly audit   '@emnapi/runtime': [ '1.8.1' ],
2038 silly audit   '@tybys/wasm-util': [ '0.10.1' ],
2038 silly audit   '@emnapi/wasi-threads': [ '1.1.0' ],
2038 silly audit   punycode: [ '2.3.1' ],
2038 silly audit   isexe: [ '2.0.0' ],
2038 silly audit   'is-bigint': [ '1.1.0' ],
2038 silly audit   'is-boolean-object': [ '1.2.2' ],
2038 silly audit   'is-number-object': [ '1.1.1' ],
2038 silly audit   'is-async-function': [ '2.1.1' ],
2038 silly audit   'is-finalizationregistry': [ '1.1.1' ],
2038 silly audit   'is-generator-function': [ '1.1.2' ],
2038 silly audit   'which-collection': [ '1.0.2' ],
2038 silly audit   'async-function': [ '1.0.0' ],
2038 silly audit   'generator-function': [ '2.0.1' ],
2038 silly audit   'is-map': [ '2.0.3' ],
2038 silly audit   'is-weakmap': [ '2.0.2' ],
2038 silly audit   'is-weakset': [ '2.0.4' ],
2038 silly audit   'node-exports-info': [ '1.6.0' ],
2038 silly audit   'fs.realpath': [ '1.0.0' ],
2038 silly audit   inflight: [ '1.0.6' ],
2038 silly audit   inherits: [ '2.0.4' ],
2038 silly audit   once: [ '1.4.0' ],
2038 silly audit   'path-is-absolute': [ '1.0.1' ],
2038 silly audit   wrappy: [ '1.0.2' ]
2038 silly audit }
2039 verbose reify failed optional dependency /Users/admin/Documents/codex/ekklesias/node_modules/@unrs/resolver-binding-win32-x64-msvc
2040 silly reify mark deleted [
2040 silly reify   '/Users/admin/Documents/codex/ekklesias/node_modules/@unrs/resolver-binding-win32-x64-msvc'
2040 silly reify ]
2041 verbose reify failed optional dependency /Users/admin/Documents/codex/ekklesias/node_modules/@unrs/resolver-binding-win32-ia32-msvc
2042 silly reify mark deleted [
2042 silly reify   '/Users/admin/Documents/codex/ekklesias/node_modules/@unrs/resolver-binding-win32-ia32-msvc'
2042 silly reify ]
2043 verbose reify failed optional dependency /Users/admin/Documents/codex/ekklesias/node_modules/@unrs/resolver-binding-win32-arm64-msvc
2044 silly reify mark deleted [
2044 silly reify   '/Users/admin/Documents/codex/ekklesias/node_modules/@unrs/resolver-binding-win32-arm64-msvc'
2044 silly reify ]
2045 verbose reify failed optional dependency /Users/admin/Documents/codex/ekklesias/node_modules/@unrs/resolver-binding-wasm32-wasi
2046 silly reify mark deleted [
2046 silly reify   '/Users/admin/Documents/codex/ekklesias/node_modules/@unrs/resolver-binding-wasm32-wasi'
2046 silly reify ]
2047 verbose reify failed optional dependency /Users/admin/Documents/codex/ekklesias/node_modules/@napi-rs/wasm-runtime
2048 silly reify mark deleted [
2048 silly reify   '/Users/admin/Documents/codex/ekklesias/node_modules/@napi-rs/wasm-runtime'
2048 silly reify ]
2049 verbose reify failed optional dependency /Users/admin/Documents/codex/ekklesias/node_modules/@emnapi/core
2050 silly reify mark deleted [ '/Users/admin/Documents/codex/ekklesias/node_modules/@emnapi/core' ]
2051 verbose reify failed optional dependency /Users/admin/Documents/codex/ekklesias/node_modules/@emnapi/runtime
2052 silly reify mark deleted [
2052 silly reify   '/Users/admin/Documents/codex/ekklesias/node_modules/@emnapi/runtime'
2052 silly reify ]
2053 verbose reify failed optional dependency /Users/admin/Documents/codex/ekklesias/node_modules/@tybys/wasm-util
2054 silly reify mark deleted [
2054 silly reify   '/Users/admin/Documents/codex/ekklesias/node_modules/@tybys/wasm-util'
2054 silly reify ]
2055 verbose reify failed optional dependency /Users/admin/Documents/codex/ekklesias/node_modules/@emnapi/wasi-threads
2056 silly reify mark deleted [
2056 silly reify   '/Users/admin/Documents/codex/ekklesias/node_modules/@emnapi/wasi-threads'
2056 silly reify ]
2057 verbose reify failed optional dependency /Users/admin/Documents/codex/ekklesias/node_modules/@unrs/resolver-binding-linux-x64-musl
2058 silly reify mark deleted [
2058 silly reify   '/Users/admin/Documents/codex/ekklesias/node_modules/@unrs/resolver-binding-linux-x64-musl'
2058 silly reify ]
2059 verbose reify failed optional dependency /Users/admin/Documents/codex/ekklesias/node_modules/@unrs/resolver-binding-linux-x64-gnu
2060 silly reify mark deleted [
2060 silly reify   '/Users/admin/Documents/codex/ekklesias/node_modules/@unrs/resolver-binding-linux-x64-gnu'
2060 silly reify ]
2061 verbose reify failed optional dependency /Users/admin/Documents/codex/ekklesias/node_modules/@unrs/resolver-binding-linux-s390x-gnu
2062 silly reify mark deleted [
2062 silly reify   '/Users/admin/Documents/codex/ekklesias/node_modules/@unrs/resolver-binding-linux-s390x-gnu'
2062 silly reify ]
2063 verbose reify failed optional dependency /Users/admin/Documents/codex/ekklesias/node_modules/@unrs/resolver-binding-linux-riscv64-musl
2064 silly reify mark deleted [
2064 silly reify   '/Users/admin/Documents/codex/ekklesias/node_modules/@unrs/resolver-binding-linux-riscv64-musl'
2064 silly reify ]
2065 verbose reify failed optional dependency /Users/admin/Documents/codex/ekklesias/node_modules/@unrs/resolver-binding-linux-riscv64-gnu
2066 silly reify mark deleted [
2066 silly reify   '/Users/admin/Documents/codex/ekklesias/node_modules/@unrs/resolver-binding-linux-riscv64-gnu'
2066 silly reify ]
2067 verbose reify failed optional dependency /Users/admin/Documents/codex/ekklesias/node_modules/@unrs/resolver-binding-linux-ppc64-gnu
2068 silly reify mark deleted [
2068 silly reify   '/Users/admin/Documents/codex/ekklesias/node_modules/@unrs/resolver-binding-linux-ppc64-gnu'
2068 silly reify ]
2069 verbose reify failed optional dependency /Users/admin/Documents/codex/ekklesias/node_modules/@unrs/resolver-binding-linux-arm64-musl
2070 silly reify mark deleted [
2070 silly reify   '/Users/admin/Documents/codex/ekklesias/node_modules/@unrs/resolver-binding-linux-arm64-musl'
2070 silly reify ]
2071 verbose reify failed optional dependency /Users/admin/Documents/codex/ekklesias/node_modules/@unrs/resolver-binding-linux-arm64-gnu
2072 silly reify mark deleted [
2072 silly reify   '/Users/admin/Documents/codex/ekklesias/node_modules/@unrs/resolver-binding-linux-arm64-gnu'
2072 silly reify ]
2073 verbose reify failed optional dependency /Users/admin/Documents/codex/ekklesias/node_modules/@unrs/resolver-binding-linux-arm-musleabihf
2074 silly reify mark deleted [
2074 silly reify   '/Users/admin/Documents/codex/ekklesias/node_modules/@unrs/resolver-binding-linux-arm-musleabihf'
2074 silly reify ]
2075 verbose reify failed optional dependency /Users/admin/Documents/codex/ekklesias/node_modules/@unrs/resolver-binding-linux-arm-gnueabihf
2076 silly reify mark deleted [
2076 silly reify   '/Users/admin/Documents/codex/ekklesias/node_modules/@unrs/resolver-binding-linux-arm-gnueabihf'
2076 silly reify ]
2077 verbose reify failed optional dependency /Users/admin/Documents/codex/ekklesias/node_modules/@unrs/resolver-binding-freebsd-x64
2078 silly reify mark deleted [
2078 silly reify   '/Users/admin/Documents/codex/ekklesias/node_modules/@unrs/resolver-binding-freebsd-x64'
2078 silly reify ]
2079 verbose reify failed optional dependency /Users/admin/Documents/codex/ekklesias/node_modules/@unrs/resolver-binding-darwin-arm64
2080 silly reify mark deleted [
2080 silly reify   '/Users/admin/Documents/codex/ekklesias/node_modules/@unrs/resolver-binding-darwin-arm64'
2080 silly reify ]
2081 verbose reify failed optional dependency /Users/admin/Documents/codex/ekklesias/node_modules/@unrs/resolver-binding-android-arm64
2082 silly reify mark deleted [
2082 silly reify   '/Users/admin/Documents/codex/ekklesias/node_modules/@unrs/resolver-binding-android-arm64'
2082 silly reify ]
2083 verbose reify failed optional dependency /Users/admin/Documents/codex/ekklesias/node_modules/@unrs/resolver-binding-android-arm-eabi
2084 silly reify mark deleted [
2084 silly reify   '/Users/admin/Documents/codex/ekklesias/node_modules/@unrs/resolver-binding-android-arm-eabi'
2084 silly reify ]
2085 verbose reify failed optional dependency /Users/admin/Documents/codex/ekklesias/node_modules/@next/swc-win32-x64-msvc
2086 silly reify mark deleted [
2086 silly reify   '/Users/admin/Documents/codex/ekklesias/node_modules/@next/swc-win32-x64-msvc'
2086 silly reify ]
2087 verbose reify failed optional dependency /Users/admin/Documents/codex/ekklesias/node_modules/@next/swc-win32-ia32-msvc
2088 silly reify mark deleted [
2088 silly reify   '/Users/admin/Documents/codex/ekklesias/node_modules/@next/swc-win32-ia32-msvc'
2088 silly reify ]
2089 verbose reify failed optional dependency /Users/admin/Documents/codex/ekklesias/node_modules/@next/swc-win32-arm64-msvc
2090 silly reify mark deleted [
2090 silly reify   '/Users/admin/Documents/codex/ekklesias/node_modules/@next/swc-win32-arm64-msvc'
2090 silly reify ]
2091 verbose reify failed optional dependency /Users/admin/Documents/codex/ekklesias/node_modules/@next/swc-linux-x64-musl
2092 silly reify mark deleted [
2092 silly reify   '/Users/admin/Documents/codex/ekklesias/node_modules/@next/swc-linux-x64-musl'
2092 silly reify ]
2093 verbose reify failed optional dependency /Users/admin/Documents/codex/ekklesias/node_modules/@next/swc-linux-x64-gnu
2094 silly reify mark deleted [
2094 silly reify   '/Users/admin/Documents/codex/ekklesias/node_modules/@next/swc-linux-x64-gnu'
2094 silly reify ]
2095 verbose reify failed optional dependency /Users/admin/Documents/codex/ekklesias/node_modules/@next/swc-linux-arm64-musl
2096 silly reify mark deleted [
2096 silly reify   '/Users/admin/Documents/codex/ekklesias/node_modules/@next/swc-linux-arm64-musl'
2096 silly reify ]
2097 verbose reify failed optional dependency /Users/admin/Documents/codex/ekklesias/node_modules/@next/swc-linux-arm64-gnu
2098 silly reify mark deleted [
2098 silly reify   '/Users/admin/Documents/codex/ekklesias/node_modules/@next/swc-linux-arm64-gnu'
2098 silly reify ]
2099 verbose reify failed optional dependency /Users/admin/Documents/codex/ekklesias/node_modules/@next/swc-darwin-arm64
2100 silly reify mark deleted [
2100 silly reify   '/Users/admin/Documents/codex/ekklesias/node_modules/@next/swc-darwin-arm64'
2100 silly reify ]
2101 http cache once@https://registry.npmjs.org/once/-/once-1.4.0.tgz 0ms (cache hit)
2102 http cache path-is-absolute@https://registry.npmjs.org/path-is-absolute/-/path-is-absolute-1.0.1.tgz 0ms (cache hit)
2103 http cache inherits@https://registry.npmjs.org/inherits/-/inherits-2.0.4.tgz 0ms (cache hit)
2104 http cache wrappy@https://registry.npmjs.org/wrappy/-/wrappy-1.0.2.tgz 0ms (cache hit)
2105 http cache inflight@https://registry.npmjs.org/inflight/-/inflight-1.0.6.tgz 0ms (cache hit)
2106 http cache fs.realpath@https://registry.npmjs.org/fs.realpath/-/fs.realpath-1.0.0.tgz 0ms (cache hit)
2107 http cache is-weakmap@https://registry.npmjs.org/is-weakmap/-/is-weakmap-2.0.2.tgz 0ms (cache hit)
2108 http cache node-exports-info@https://registry.npmjs.org/node-exports-info/-/node-exports-info-1.6.0.tgz 0ms (cache hit)
2109 http cache is-weakset@https://registry.npmjs.org/is-weakset/-/is-weakset-2.0.4.tgz 0ms (cache hit)
2110 http cache is-map@https://registry.npmjs.org/is-map/-/is-map-2.0.3.tgz 0ms (cache hit)
2111 http cache generator-function@https://registry.npmjs.org/generator-function/-/generator-function-2.0.1.tgz 0ms (cache hit)
2112 http cache which-collection@https://registry.npmjs.org/which-collection/-/which-collection-1.0.2.tgz 0ms (cache hit)
2113 http cache async-function@https://registry.npmjs.org/async-function/-/async-function-1.0.0.tgz 0ms (cache hit)
2114 http cache is-generator-function@https://registry.npmjs.org/is-generator-function/-/is-generator-function-1.1.2.tgz 0ms (cache hit)
2115 http cache is-finalizationregistry@https://registry.npmjs.org/is-finalizationregistry/-/is-finalizationregistry-1.1.1.tgz 0ms (cache hit)
2116 http cache is-async-function@https://registry.npmjs.org/is-async-function/-/is-async-function-2.1.1.tgz 0ms (cache hit)
2117 http cache is-boolean-object@https://registry.npmjs.org/is-boolean-object/-/is-boolean-object-1.2.2.tgz 0ms (cache hit)
2118 http cache is-number-object@https://registry.npmjs.org/is-number-object/-/is-number-object-1.1.1.tgz 0ms (cache hit)
2119 http cache is-bigint@https://registry.npmjs.org/is-bigint/-/is-bigint-1.1.0.tgz 0ms (cache hit)
2120 http cache punycode@https://registry.npmjs.org/punycode/-/punycode-2.3.1.tgz 0ms (cache hit)
2121 http cache isexe@https://registry.npmjs.org/isexe/-/isexe-2.0.0.tgz 0ms (cache hit)
2122 http cache @emnapi/wasi-threads@https://registry.npmjs.org/@emnapi/wasi-threads/-/wasi-threads-1.1.0.tgz 0ms (cache hit)
2123 http cache @emnapi/runtime@https://registry.npmjs.org/@emnapi/runtime/-/runtime-1.8.1.tgz 0ms (cache hit)
2124 http cache @tybys/wasm-util@https://registry.npmjs.org/@tybys/wasm-util/-/wasm-util-0.10.1.tgz 0ms (cache hit)
2125 http cache @emnapi/core@https://registry.npmjs.org/@emnapi/core/-/core-1.8.1.tgz 0ms (cache hit)
2126 http cache @napi-rs/wasm-runtime@https://registry.npmjs.org/@napi-rs/wasm-runtime/-/wasm-runtime-0.2.12.tgz 0ms (cache hit)
2127 http cache napi-postinstall@https://registry.npmjs.org/napi-postinstall/-/napi-postinstall-0.3.4.tgz 0ms (cache hit)
2128 http cache @unrs/resolver-binding-darwin-x64@https://registry.npmjs.org/@unrs/resolver-binding-darwin-x64/-/resolver-binding-darwin-x64-1.11.1.tgz 0ms (cache hit)
2129 http cache has-bigints@https://registry.npmjs.org/has-bigints/-/has-bigints-1.1.0.tgz 0ms (cache hit)
2130 http cache which-boxed-primitive@https://registry.npmjs.org/which-boxed-primitive/-/which-boxed-primitive-1.1.1.tgz 0ms (cache hit)
2131 http cache which-builtin-type@https://registry.npmjs.org/which-builtin-type/-/which-builtin-type-1.2.1.tgz 0ms (cache hit)
2132 http cache reflect.getprototypeof@https://registry.npmjs.org/reflect.getprototypeof/-/reflect.getprototypeof-1.0.10.tgz 0ms (cache hit)
2133 http cache for-each@https://registry.npmjs.org/for-each/-/for-each-0.3.5.tgz 0ms (cache hit)
2134 http cache strip-bom@https://registry.npmjs.org/strip-bom/-/strip-bom-3.0.0.tgz 0ms (cache hit)
2135 http cache minimist@https://registry.npmjs.org/minimist/-/minimist-1.2.8.tgz 0ms (cache hit)
2136 http cache json5@https://registry.npmjs.org/json5/-/json5-1.0.2.tgz 0ms (cache hit)
2137 http cache @types/json5@https://registry.npmjs.org/@types/json5/-/json5-0.0.29.tgz 0ms (cache hit)
2138 http cache has-flag@https://registry.npmjs.org/has-flag/-/has-flag-4.0.0.tgz 0ms (cache hit)
2139 http cache is-number@https://registry.npmjs.org/is-number/-/is-number-7.0.0.tgz 0ms (cache hit)
2140 http cache eastasianwidth@https://registry.npmjs.org/eastasianwidth/-/eastasianwidth-0.2.0.tgz 0ms (cache hit)
2141 http cache ansi-regex@https://registry.npmjs.org/ansi-regex/-/ansi-regex-5.0.1.tgz 0ms (cache hit)
2142 http cache is-fullwidth-code-point@https://registry.npmjs.org/is-fullwidth-code-point/-/is-fullwidth-code-point-3.0.0.tgz 0ms (cache hit)
2143 http cache client-only@https://registry.npmjs.org/client-only/-/client-only-0.0.1.tgz 0ms (cache hit)
2144 http cache side-channel-weakmap@https://registry.npmjs.org/side-channel-weakmap/-/side-channel-weakmap-1.0.2.tgz 0ms (cache hit)
2145 http cache side-channel-map@https://registry.npmjs.org/side-channel-map/-/side-channel-map-1.0.1.tgz 0ms (cache hit)
2146 http cache shebang-regex@https://registry.npmjs.org/shebang-regex/-/shebang-regex-3.0.0.tgz 0ms (cache hit)
2147 http cache side-channel-list@https://registry.npmjs.org/side-channel-list/-/side-channel-list-1.0.0.tgz 0ms (cache hit)
2148 http cache isarray@https://registry.npmjs.org/isarray/-/isarray-2.0.5.tgz 0ms (cache hit)
2149 http cache supports-preserve-symlinks-flag@https://registry.npmjs.org/supports-preserve-symlinks-flag/-/supports-preserve-symlinks-flag-1.0.0.tgz 0ms (cache hit)
2150 http cache queue-microtask@https://registry.npmjs.org/queue-microtask/-/queue-microtask-1.2.3.tgz 0ms (cache hit)
2151 http cache path-parse@https://registry.npmjs.org/path-parse/-/path-parse-1.0.7.tgz 0ms (cache hit)
2152 http cache js-tokens@https://registry.npmjs.org/js-tokens/-/js-tokens-4.0.0.tgz 0ms (cache hit)
2153 http cache scheduler@https://registry.npmjs.org/scheduler/-/scheduler-0.23.2.tgz 0ms (cache hit)
2154 http cache react-is@https://registry.npmjs.org/react-is/-/react-is-16.13.1.tgz 0ms (cache hit)
2155 http cache loose-envify@https://registry.npmjs.org/loose-envify/-/loose-envify-1.4.0.tgz 0ms (cache hit)
2156 http cache object-assign@https://registry.npmjs.org/object-assign/-/object-assign-4.1.1.tgz 0ms (cache hit)
2157 http cache picocolors@https://registry.npmjs.org/picocolors/-/picocolors-1.1.1.tgz 0ms (cache hit)
2158 http cache source-map-js@https://registry.npmjs.org/source-map-js/-/source-map-js-1.2.1.tgz 0ms (cache hit)
2159 http cache callsites@https://registry.npmjs.org/callsites/-/callsites-3.1.0.tgz 0ms (cache hit)
2160 http cache nanoid@https://registry.npmjs.org/nanoid/-/nanoid-3.3.11.tgz 0ms (cache hit)
2161 http cache lru-cache@https://registry.npmjs.org/lru-cache/-/lru-cache-10.4.3.tgz 0ms (cache hit)
2162 http cache yocto-queue@https://registry.npmjs.org/yocto-queue/-/yocto-queue-0.1.0.tgz 0ms (cache hit)
2163 http cache p-limit@https://registry.npmjs.org/p-limit/-/p-limit-3.1.0.tgz 0ms (cache hit)
2164 http cache streamsearch@https://registry.npmjs.org/streamsearch/-/streamsearch-1.1.0.tgz 0ms (cache hit)
2165 http cache word-wrap@https://registry.npmjs.org/word-wrap/-/word-wrap-1.2.5.tgz 0ms (cache hit)
2166 http cache deep-is@https://registry.npmjs.org/deep-is/-/deep-is-0.1.4.tgz 0ms (cache hit)
2167 http cache fast-levenshtein@https://registry.npmjs.org/fast-levenshtein/-/fast-levenshtein-2.0.6.tgz 0ms (cache hit)
2168 http cache tslib@https://registry.npmjs.org/tslib/-/tslib-2.8.1.tgz 0ms (cache hit)
2169 http cache styled-jsx@https://registry.npmjs.org/styled-jsx/-/styled-jsx-5.1.1.tgz 0ms (cache hit)
2170 http cache @swc/counter@https://registry.npmjs.org/@swc/counter/-/counter-0.1.3.tgz 0ms (cache hit)
2171 http cache postcss@https://registry.npmjs.org/postcss/-/postcss-8.4.31.tgz 1ms (cache hit)
2172 http cache caniuse-lite@https://registry.npmjs.org/caniuse-lite/-/caniuse-lite-1.0.30001770.tgz 0ms (cache hit)
2173 http cache graceful-fs@https://registry.npmjs.org/graceful-fs/-/graceful-fs-4.2.11.tgz 0ms (cache hit)
2174 http cache busboy@https://registry.npmjs.org/busboy/-/busboy-1.6.0.tgz 0ms (cache hit)
2175 http cache @swc/helpers@https://registry.npmjs.org/@swc/helpers/-/helpers-0.5.5.tgz 0ms (cache hit)
2176 http cache @next/swc-darwin-x64@https://registry.npmjs.org/@next/swc-darwin-x64/-/swc-darwin-x64-14.2.5.tgz 0ms (cache hit)
2177 http cache @next/env@https://registry.npmjs.org/@next/env/-/env-14.2.5.tgz 1ms (cache hit)
2178 http cache brace-expansion@https://registry.npmjs.org/brace-expansion/-/brace-expansion-1.1.12.tgz 0ms (cache hit)
2179 http cache concat-map@https://registry.npmjs.org/concat-map/-/concat-map-0.0.1.tgz 0ms (cache hit)
2180 http cache balanced-match@https://registry.npmjs.org/balanced-match/-/balanced-match-1.0.2.tgz 0ms (cache hit)
2181 http cache to-regex-range@https://registry.npmjs.org/to-regex-range/-/to-regex-range-5.0.1.tgz 0ms (cache hit)
2182 http cache fill-range@https://registry.npmjs.org/fill-range/-/fill-range-7.1.1.tgz 0ms (cache hit)
2183 http cache picomatch@https://registry.npmjs.org/picomatch/-/picomatch-2.3.1.tgz 0ms (cache hit)
2184 http cache p-locate@https://registry.npmjs.org/p-locate/-/p-locate-5.0.0.tgz 0ms (cache hit)
2185 http cache type-check@https://registry.npmjs.org/type-check/-/type-check-0.4.0.tgz 0ms (cache hit)
2186 http cache prelude-ls@https://registry.npmjs.org/prelude-ls/-/prelude-ls-1.2.1.tgz 0ms (cache hit)
2187 http cache language-subtag-registry@https://registry.npmjs.org/language-subtag-registry/-/language-subtag-registry-0.3.23.tgz 0ms (cache hit)
2188 http cache braces@https://registry.npmjs.org/braces/-/braces-3.0.3.tgz 0ms (cache hit)
2189 http cache argparse@https://registry.npmjs.org/argparse/-/argparse-2.0.1.tgz 0ms (cache hit)
2190 http cache json-buffer@https://registry.npmjs.org/json-buffer/-/json-buffer-3.0.1.tgz 0ms (cache hit)
2191 http cache wrap-ansi@https://registry.npmjs.org/wrap-ansi/-/wrap-ansi-8.1.0.tgz 0ms (cache hit)
2192 http cache wrap-ansi-cjs@https://registry.npmjs.org/wrap-ansi/-/wrap-ansi-7.0.0.tgz 0ms (cache hit)
2193 http cache string-width-cjs@https://registry.npmjs.org/string-width/-/string-width-4.2.3.tgz 0ms (cache hit)
2194 http cache strip-ansi-cjs@https://registry.npmjs.org/strip-ansi/-/strip-ansi-6.0.1.tgz 0ms (cache hit)
2195 http cache string-width@https://registry.npmjs.org/string-width/-/string-width-5.1.2.tgz 0ms (cache hit)
2196 http cache @pkgjs/parseargs@https://registry.npmjs.org/@pkgjs/parseargs/-/parseargs-0.11.0.tgz 0ms (cache hit)
2197 http cache set-function-name@https://registry.npmjs.org/set-function-name/-/set-function-name-2.0.2.tgz 0ms (cache hit)
2198 http cache @isaacs/cliui@https://registry.npmjs.org/@isaacs/cliui/-/cliui-8.0.2.tgz 0ms (cache hit)
2199 http cache is-extglob@https://registry.npmjs.org/is-extglob/-/is-extglob-2.1.1.tgz 0ms (cache hit)
2200 http cache resolve-from@https://registry.npmjs.org/resolve-from/-/resolve-from-4.0.0.tgz 0ms (cache hit)
2201 http cache side-channel@https://registry.npmjs.org/side-channel/-/side-channel-1.1.0.tgz 0ms (cache hit)
2202 http cache parent-module@https://registry.npmjs.org/parent-module/-/parent-module-1.0.1.tgz 0ms (cache hit)
2203 http cache path-type@https://registry.npmjs.org/path-type/-/path-type-4.0.0.tgz 0ms (cache hit)
2204 http cache micromatch@https://registry.npmjs.org/micromatch/-/micromatch-4.0.8.tgz 0ms (cache hit)
2205 http cache slash@https://registry.npmjs.org/slash/-/slash-3.0.0.tgz 0ms (cache hit)
2206 http cache merge2@https://registry.npmjs.org/merge2/-/merge2-1.4.1.tgz 0ms (cache hit)
2207 http cache fast-glob@https://registry.npmjs.org/fast-glob/-/fast-glob-3.3.3.tgz 0ms (cache hit)
2208 http cache dir-glob@https://registry.npmjs.org/dir-glob/-/dir-glob-3.0.1.tgz 0ms (cache hit)
2209 http cache array-union@https://registry.npmjs.org/array-union/-/array-union-2.1.0.tgz 0ms (cache hit)
2210 http cache type-fest@https://registry.npmjs.org/type-fest/-/type-fest-0.20.2.tgz 0ms (cache hit)
2211 http cache signal-exit@https://registry.npmjs.org/signal-exit/-/signal-exit-4.1.0.tgz 0ms (cache hit)
2212 http cache path-scurry@https://registry.npmjs.org/path-scurry/-/path-scurry-1.11.1.tgz 0ms (cache hit)
2213 http cache minipass@https://registry.npmjs.org/minipass/-/minipass-7.1.2.tgz 0ms (cache hit)
2214 http cache jackspeak@https://registry.npmjs.org/jackspeak/-/jackspeak-2.3.6.tgz 0ms (cache hit)
2215 http cache foreground-child@https://registry.npmjs.org/foreground-child/-/foreground-child-3.3.1.tgz 0ms (cache hit)
2216 http cache resolve-pkg-maps@https://registry.npmjs.org/resolve-pkg-maps/-/resolve-pkg-maps-1.0.0.tgz 0ms (cache hit)
2217 http cache dunder-proto@https://registry.npmjs.org/dunder-proto/-/dunder-proto-1.0.1.tgz 0ms (cache hit)
2218 http cache functions-have-names@https://registry.npmjs.org/functions-have-names/-/functions-have-names-1.2.3.tgz 0ms (cache hit)
2219 http cache flatted@https://registry.npmjs.org/flatted/-/flatted-3.3.3.tgz 0ms (cache hit)
2220 http cache rimraf@https://registry.npmjs.org/rimraf/-/rimraf-3.0.2.tgz 0ms (cache hit)
2221 http cache locate-path@https://registry.npmjs.org/locate-path/-/locate-path-6.0.0.tgz 0ms (cache hit)
2222 http cache path-exists@https://registry.npmjs.org/path-exists/-/path-exists-4.0.0.tgz 0ms (cache hit)
2223 http cache reusify@https://registry.npmjs.org/reusify/-/reusify-1.1.0.tgz 0ms (cache hit)
2224 http cache flat-cache@https://registry.npmjs.org/flat-cache/-/flat-cache-3.2.0.tgz 0ms (cache hit)
2225 http cache acorn-jsx@https://registry.npmjs.org/acorn-jsx/-/acorn-jsx-5.3.2.tgz 0ms (cache hit)
2226 http cache acorn@https://registry.npmjs.org/acorn/-/acorn-8.15.0.tgz 0ms (cache hit)
2227 http cache keyv@https://registry.npmjs.org/keyv/-/keyv-4.5.4.tgz 0ms (cache hit)
2228 http cache esrecurse@https://registry.npmjs.org/esrecurse/-/esrecurse-4.3.0.tgz 0ms (cache hit)
2229 http cache iterator.prototype@https://registry.npmjs.org/iterator.prototype/-/iterator.prototype-1.1.5.tgz 0ms (cache hit)
2230 http cache string.prototype.repeat@https://registry.npmjs.org/string.prototype.repeat/-/string.prototype.repeat-1.0.0.tgz 0ms (cache hit)
2231 http cache string.prototype.matchall@https://registry.npmjs.org/string.prototype.matchall/-/string.prototype.matchall-4.0.12.tgz 0ms (cache hit)
2232 http cache prop-types@https://registry.npmjs.org/prop-types/-/prop-types-15.8.1.tgz 0ms (cache hit)
2233 http cache object.entries@https://registry.npmjs.org/object.entries/-/object.entries-1.1.9.tgz 0ms (cache hit)
2234 http cache estraverse@https://registry.npmjs.org/estraverse/-/estraverse-5.3.0.tgz 0ms (cache hit)
2235 http cache es-iterator-helpers@https://registry.npmjs.org/es-iterator-helpers/-/es-iterator-helpers-1.2.2.tgz 0ms (cache hit)
2236 http cache array.prototype.findlast@https://registry.npmjs.org/array.prototype.findlast/-/array.prototype.findlast-1.2.5.tgz 0ms (cache hit)
2237 http cache array.prototype.tosorted@https://registry.npmjs.org/array.prototype.tosorted/-/array.prototype.tosorted-1.1.4.tgz 0ms (cache hit)
2238 http cache emoji-regex@https://registry.npmjs.org/emoji-regex/-/emoji-regex-9.2.2.tgz 0ms (cache hit)
2239 http cache jsx-ast-utils@https://registry.npmjs.org/jsx-ast-utils/-/jsx-ast-utils-3.3.5.tgz 0ms (cache hit)
2240 http cache string.prototype.includes@https://registry.npmjs.org/string.prototype.includes/-/string.prototype.includes-2.0.1.tgz 0ms (cache hit)
2241 http cache damerau-levenshtein@https://registry.npmjs.org/damerau-levenshtein/-/damerau-levenshtein-1.0.8.tgz 0ms (cache hit)
2242 http cache language-tags@https://registry.npmjs.org/language-tags/-/language-tags-1.0.9.tgz 0ms (cache hit)
2243 http cache ast-types-flow@https://registry.npmjs.org/ast-types-flow/-/ast-types-flow-0.0.8.tgz 0ms (cache hit)
2244 http cache axobject-query@https://registry.npmjs.org/axobject-query/-/axobject-query-4.1.0.tgz 0ms (cache hit)
2245 http cache axe-core@https://registry.npmjs.org/axe-core/-/axe-core-4.11.1.tgz 0ms (cache hit)
2246 http cache aria-query@https://registry.npmjs.org/aria-query/-/aria-query-5.3.2.tgz 0ms (cache hit)
2247 http cache is-symbol@https://registry.npmjs.org/is-symbol/-/is-symbol-1.1.1.tgz 0ms (cache hit)
2248 http cache is-date-object@https://registry.npmjs.org/is-date-object/-/is-date-object-1.1.0.tgz 0ms (cache hit)
2249 http cache has-tostringtag@https://registry.npmjs.org/has-tostringtag/-/has-tostringtag-1.0.2.tgz 0ms (cache hit)
2250 http cache possible-typed-array-names@https://registry.npmjs.org/possible-typed-array-names/-/possible-typed-array-names-1.1.0.tgz 0ms (cache hit)
2251 http cache which-typed-array@https://registry.npmjs.org/which-typed-array/-/which-typed-array-1.1.20.tgz 0ms (cache hit)
2252 http cache unbox-primitive@https://registry.npmjs.org/unbox-primitive/-/unbox-primitive-1.1.0.tgz 0ms (cache hit)
2253 http cache typed-array-byte-offset@https://registry.npmjs.org/typed-array-byte-offset/-/typed-array-byte-offset-1.0.4.tgz 0ms (cache hit)
2254 http cache typed-array-length@https://registry.npmjs.org/typed-array-length/-/typed-array-length-1.0.7.tgz 0ms (cache hit)
2255 http cache typed-array-byte-length@https://registry.npmjs.org/typed-array-byte-length/-/typed-array-byte-length-1.0.3.tgz 0ms (cache hit)
2256 http cache string.prototype.trimstart@https://registry.npmjs.org/string.prototype.trimstart/-/string.prototype.trimstart-1.0.8.tgz 0ms (cache hit)
2257 http cache typed-array-buffer@https://registry.npmjs.org/typed-array-buffer/-/typed-array-buffer-1.0.3.tgz 0ms (cache hit)
2258 http cache string.prototype.trim@https://registry.npmjs.org/string.prototype.trim/-/string.prototype.trim-1.2.10.tgz 0ms (cache hit)
2259 http cache stop-iteration-iterator@https://registry.npmjs.org/stop-iteration-iterator/-/stop-iteration-iterator-1.1.0.tgz 0ms (cache hit)
2260 http cache safe-regex-test@https://registry.npmjs.org/safe-regex-test/-/safe-regex-test-1.1.0.tgz 0ms (cache hit)
2261 http cache set-proto@https://registry.npmjs.org/set-proto/-/set-proto-1.0.0.tgz 0ms (cache hit)
2262 http cache safe-array-concat@https://registry.npmjs.org/safe-array-concat/-/safe-array-concat-1.1.3.tgz 0ms (cache hit)
2263 http cache regexp.prototype.flags@https://registry.npmjs.org/regexp.prototype.flags/-/regexp.prototype.flags-1.5.4.tgz 0ms (cache hit)
2264 http cache safe-push-apply@https://registry.npmjs.org/safe-push-apply/-/safe-push-apply-1.0.0.tgz 0ms (cache hit)
2265 http cache own-keys@https://registry.npmjs.org/own-keys/-/own-keys-1.0.1.tgz 0ms (cache hit)
2266 http cache object.assign@https://registry.npmjs.org/object.assign/-/object.assign-4.1.7.tgz 0ms (cache hit)
2267 http cache is-weakref@https://registry.npmjs.org/is-weakref/-/is-weakref-1.1.1.tgz 0ms (cache hit)
2268 http cache is-typed-array@https://registry.npmjs.org/is-typed-array/-/is-typed-array-1.1.15.tgz 0ms (cache hit)
2269 http cache object-inspect@https://registry.npmjs.org/object-inspect/-/object-inspect-1.13.4.tgz 0ms (cache hit)
2270 http cache is-shared-array-buffer@https://registry.npmjs.org/is-shared-array-buffer/-/is-shared-array-buffer-1.0.4.tgz 0ms (cache hit)
2271 http cache is-set@https://registry.npmjs.org/is-set/-/is-set-2.0.3.tgz 0ms (cache hit)
2272 http cache is-negative-zero@https://registry.npmjs.org/is-negative-zero/-/is-negative-zero-2.0.3.tgz 0ms (cache hit)
2273 http cache is-data-view@https://registry.npmjs.org/is-data-view/-/is-data-view-1.0.2.tgz 0ms (cache hit)
2274 http cache is-regex@https://registry.npmjs.org/is-regex/-/is-regex-1.2.1.tgz 0ms (cache hit)
2275 http cache is-array-buffer@https://registry.npmjs.org/is-array-buffer/-/is-array-buffer-3.0.5.tgz 0ms (cache hit)
2276 http cache is-callable@https://registry.npmjs.org/is-callable/-/is-callable-1.2.7.tgz 0ms (cache hit)
2277 http cache has-proto@https://registry.npmjs.org/has-proto/-/has-proto-1.2.0.tgz 0ms (cache hit)
2278 http cache has-symbols@https://registry.npmjs.org/has-symbols/-/has-symbols-1.1.0.tgz 0ms (cache hit)
2279 http cache internal-slot@https://registry.npmjs.org/internal-slot/-/internal-slot-1.1.0.tgz 0ms (cache hit)
2280 http cache globalthis@https://registry.npmjs.org/globalthis/-/globalthis-1.0.4.tgz 0ms (cache hit)
2281 http cache get-symbol-description@https://registry.npmjs.org/get-symbol-description/-/get-symbol-description-1.1.0.tgz 0ms (cache hit)
2282 http cache function.prototype.name@https://registry.npmjs.org/function.prototype.name/-/function.prototype.name-1.1.8.tgz 0ms (cache hit)
2283 http cache es-to-primitive@https://registry.npmjs.org/es-to-primitive/-/es-to-primitive-1.3.0.tgz 0ms (cache hit)
2284 http cache get-proto@https://registry.npmjs.org/get-proto/-/get-proto-1.0.1.tgz 0ms (cache hit)
2285 http cache data-view-byte-offset@https://registry.npmjs.org/data-view-byte-offset/-/data-view-byte-offset-1.0.1.tgz 0ms (cache hit)
2286 http cache data-view-byte-length@https://registry.npmjs.org/data-view-byte-length/-/data-view-byte-length-1.0.2.tgz 0ms (cache hit)
2287 http cache es-set-tostringtag@https://registry.npmjs.org/es-set-tostringtag/-/es-set-tostringtag-2.1.0.tgz 0ms (cache hit)
2288 http cache data-view-buffer@https://registry.npmjs.org/data-view-buffer/-/data-view-buffer-1.0.2.tgz 0ms (cache hit)
2289 http cache available-typed-arrays@https://registry.npmjs.org/available-typed-arrays/-/available-typed-arrays-1.0.7.tgz 0ms (cache hit)
2290 http cache gopd@https://registry.npmjs.org/gopd/-/gopd-1.2.0.tgz 0ms (cache hit)
2291 http cache arraybuffer.prototype.slice@https://registry.npmjs.org/arraybuffer.prototype.slice/-/arraybuffer.prototype.slice-1.0.4.tgz 0ms (cache hit)
2292 http cache array-buffer-byte-length@https://registry.npmjs.org/array-buffer-byte-length/-/array-buffer-byte-length-1.0.2.tgz 0ms (cache hit)
2293 http cache object-keys@https://registry.npmjs.org/object-keys/-/object-keys-1.1.1.tgz 0ms (cache hit)
2294 http cache has-property-descriptors@https://registry.npmjs.org/has-property-descriptors/-/has-property-descriptors-1.0.2.tgz 0ms (cache hit)
2295 http cache function-bind@https://registry.npmjs.org/function-bind/-/function-bind-1.1.2.tgz 0ms (cache hit)
2296 http cache define-data-property@https://registry.npmjs.org/define-data-property/-/define-data-property-1.1.4.tgz 0ms (cache hit)
2297 http cache es-define-property@https://registry.npmjs.org/es-define-property/-/es-define-property-1.0.1.tgz 0ms (cache hit)
2298 http cache set-function-length@https://registry.npmjs.org/set-function-length/-/set-function-length-1.2.2.tgz 0ms (cache hit)
2299 http cache call-bind-apply-helpers@https://registry.npmjs.org/call-bind-apply-helpers/-/call-bind-apply-helpers-1.0.2.tgz 0ms (cache hit)
2300 http cache es-shim-unscopables@https://registry.npmjs.org/es-shim-unscopables/-/es-shim-unscopables-1.1.0.tgz 0ms (cache hit)
2301 http cache math-intrinsics@https://registry.npmjs.org/math-intrinsics/-/math-intrinsics-1.1.0.tgz 0ms (cache hit)
2302 http cache es-errors@https://registry.npmjs.org/es-errors/-/es-errors-1.3.0.tgz 0ms (cache hit)
2303 http cache is-string@https://registry.npmjs.org/is-string/-/is-string-1.1.1.tgz 1ms (cache hit)
2304 http cache get-intrinsic@https://registry.npmjs.org/get-intrinsic/-/get-intrinsic-1.3.0.tgz 0ms (cache hit)
2305 http cache es-object-atoms@https://registry.npmjs.org/es-object-atoms/-/es-object-atoms-1.1.1.tgz 0ms (cache hit)
2306 http cache define-properties@https://registry.npmjs.org/define-properties/-/define-properties-1.2.1.tgz 0ms (cache hit)
2307 http cache es-abstract@https://registry.npmjs.org/es-abstract/-/es-abstract-1.24.1.tgz 0ms (cache hit)
2308 http cache call-bound@https://registry.npmjs.org/call-bound/-/call-bound-1.0.4.tgz 0ms (cache hit)
2309 http cache tsconfig-paths@https://registry.npmjs.org/tsconfig-paths/-/tsconfig-paths-3.15.0.tgz 0ms (cache hit)
2310 http cache call-bind@https://registry.npmjs.org/call-bind/-/call-bind-1.0.8.tgz 0ms (cache hit)
2311 http cache string.prototype.trimend@https://registry.npmjs.org/string.prototype.trimend/-/string.prototype.trimend-1.0.9.tgz 0ms (cache hit)
2312 http cache object.values@https://registry.npmjs.org/object.values/-/object.values-1.2.1.tgz 0ms (cache hit)
2313 http cache object.groupby@https://registry.npmjs.org/object.groupby/-/object.groupby-1.0.3.tgz 0ms (cache hit)
2314 http cache eslint-module-utils@https://registry.npmjs.org/eslint-module-utils/-/eslint-module-utils-2.12.1.tgz 0ms (cache hit)
2315 http cache array.prototype.flatmap@https://registry.npmjs.org/array.prototype.flatmap/-/array.prototype.flatmap-1.3.3.tgz 0ms (cache hit)
2316 http cache hasown@https://registry.npmjs.org/hasown/-/hasown-2.0.2.tgz 0ms (cache hit)
2317 http cache object.fromentries@https://registry.npmjs.org/object.fromentries/-/object.fromentries-2.0.8.tgz 0ms (cache hit)
2318 http cache array.prototype.flat@https://registry.npmjs.org/array.prototype.flat/-/array.prototype.flat-1.3.3.tgz 0ms (cache hit)
2319 http cache array.prototype.findlastindex@https://registry.npmjs.org/array.prototype.findlastindex/-/array.prototype.findlastindex-1.2.6.tgz 0ms (cache hit)
2320 http cache array-includes@https://registry.npmjs.org/array-includes/-/array-includes-3.1.9.tgz 0ms (cache hit)
2321 http cache @rtsao/scc@https://registry.npmjs.org/@rtsao/scc/-/scc-1.1.0.tgz 0ms (cache hit)
2322 http cache unrs-resolver@https://registry.npmjs.org/unrs-resolver/-/unrs-resolver-1.11.1.tgz 0ms (cache hit)
2323 http cache tinyglobby@https://registry.npmjs.org/tinyglobby/-/tinyglobby-0.2.15.tgz 0ms (cache hit)
2324 http cache stable-hash@https://registry.npmjs.org/stable-hash/-/stable-hash-0.0.5.tgz 0ms (cache hit)
2325 http cache get-tsconfig@https://registry.npmjs.org/get-tsconfig/-/get-tsconfig-4.13.6.tgz 0ms (cache hit)
2326 http cache @nolyfill/is-core-module@https://registry.npmjs.org/@nolyfill/is-core-module/-/is-core-module-1.0.39.tgz 0ms (cache hit)
2327 http cache is-bun-module@https://registry.npmjs.org/is-bun-module/-/is-bun-module-2.0.0.tgz 0ms (cache hit)
2328 http cache is-core-module@https://registry.npmjs.org/is-core-module/-/is-core-module-2.16.1.tgz 0ms (cache hit)
2329 http cache ts-api-utils@https://registry.npmjs.org/ts-api-utils/-/ts-api-utils-1.4.3.tgz 0ms (cache hit)
2330 http cache resolve@https://registry.npmjs.org/resolve/-/resolve-1.22.11.tgz 0ms (cache hit)
2331 http cache semver@https://registry.npmjs.org/semver/-/semver-7.7.4.tgz 0ms (cache hit)
2332 http cache globby@https://registry.npmjs.org/globby/-/globby-11.1.0.tgz 0ms (cache hit)
2333 http cache @typescript-eslint/visitor-keys@https://registry.npmjs.org/@typescript-eslint/visitor-keys/-/visitor-keys-7.2.0.tgz 0ms (cache hit)
2334 http cache @typescript-eslint/typescript-estree@https://registry.npmjs.org/@typescript-eslint/typescript-estree/-/typescript-estree-7.2.0.tgz 0ms (cache hit)
2335 http cache glob@https://registry.npmjs.org/glob/-/glob-10.3.10.tgz 0ms (cache hit)
2336 http cache @typescript-eslint/scope-manager@https://registry.npmjs.org/@typescript-eslint/scope-manager/-/scope-manager-7.2.0.tgz 0ms (cache hit)
2337 http cache @typescript-eslint/types@https://registry.npmjs.org/@typescript-eslint/types/-/types-7.2.0.tgz 0ms (cache hit)
2338 http cache eslint-plugin-react@https://registry.npmjs.org/eslint-plugin-react/-/eslint-plugin-react-7.37.5.tgz 0ms (cache hit)
2339 http cache eslint-plugin-jsx-a11y@https://registry.npmjs.org/eslint-plugin-jsx-a11y/-/eslint-plugin-jsx-a11y-6.10.2.tgz 0ms (cache hit)
2340 http cache eslint-plugin-react-hooks@https://registry.npmjs.org/eslint-plugin-react-hooks/-/eslint-plugin-react-hooks-5.0.0-canary-7118f5dd7-20230705.tgz 0ms (cache hit)
2341 http cache eslint-import-resolver-typescript@https://registry.npmjs.org/eslint-import-resolver-typescript/-/eslint-import-resolver-typescript-3.10.1.tgz 0ms (cache hit)
2342 http cache eslint-plugin-import@https://registry.npmjs.org/eslint-plugin-import/-/eslint-plugin-import-2.32.0.tgz 0ms (cache hit)
2343 http cache eslint-import-resolver-node@https://registry.npmjs.org/eslint-import-resolver-node/-/eslint-import-resolver-node-0.3.9.tgz 0ms (cache hit)
2344 http cache @typescript-eslint/parser@https://registry.npmjs.org/@typescript-eslint/parser/-/parser-7.2.0.tgz 0ms (cache hit)
2345 http cache @next/eslint-plugin-next@https://registry.npmjs.org/@next/eslint-plugin-next/-/eslint-plugin-next-14.2.5.tgz 0ms (cache hit)
2346 http cache ms@https://registry.npmjs.org/ms/-/ms-2.1.3.tgz 0ms (cache hit)
2347 http cache @rushstack/eslint-patch@https://registry.npmjs.org/@rushstack/eslint-patch/-/eslint-patch-1.15.0.tgz 0ms (cache hit)
2348 http cache shebang-command@https://registry.npmjs.org/shebang-command/-/shebang-command-2.0.0.tgz 0ms (cache hit)
2349 http cache which@https://registry.npmjs.org/which/-/which-2.0.2.tgz 0ms (cache hit)
2350 http cache path-key@https://registry.npmjs.org/path-key/-/path-key-3.1.1.tgz 0ms (cache hit)
2351 http cache color-name@https://registry.npmjs.org/color-name/-/color-name-1.1.4.tgz 0ms (cache hit)
2352 http cache color-convert@https://registry.npmjs.org/color-convert/-/color-convert-2.0.1.tgz 0ms (cache hit)
2353 http cache ansi-styles@https://registry.npmjs.org/ansi-styles/-/ansi-styles-4.3.0.tgz 0ms (cache hit)
2354 http cache supports-color@https://registry.npmjs.org/supports-color/-/supports-color-7.2.0.tgz 0ms (cache hit)
2355 http cache json-schema-traverse@https://registry.npmjs.org/json-schema-traverse/-/json-schema-traverse-0.4.1.tgz 0ms (cache hit)
2356 http cache fast-json-stable-stringify@https://registry.npmjs.org/fast-json-stable-stringify/-/fast-json-stable-stringify-2.1.0.tgz 0ms (cache hit)
2357 http cache uri-js@https://registry.npmjs.org/uri-js/-/uri-js-4.4.1.tgz 0ms (cache hit)
2358 http cache run-parallel@https://registry.npmjs.org/run-parallel/-/run-parallel-1.2.0.tgz 0ms (cache hit)
2359 http cache @nodelib/fs.stat@https://registry.npmjs.org/@nodelib/fs.stat/-/fs.stat-2.0.5.tgz 0ms (cache hit)
2360 http cache fastq@https://registry.npmjs.org/fastq/-/fastq-1.20.1.tgz 0ms (cache hit)
2361 http cache @nodelib/fs.scandir@https://registry.npmjs.org/@nodelib/fs.scandir/-/fs.scandir-2.1.5.tgz 0ms (cache hit)
2362 http cache import-fresh@https://registry.npmjs.org/import-fresh/-/import-fresh-3.3.1.tgz 0ms (cache hit)
2363 http cache @humanwhocodes/object-schema@https://registry.npmjs.org/@humanwhocodes/object-schema/-/object-schema-2.0.3.tgz 0ms (cache hit)
2364 http cache strip-json-comments@https://registry.npmjs.org/strip-json-comments/-/strip-json-comments-3.1.1.tgz 0ms (cache hit)
2365 http cache strip-ansi@https://registry.npmjs.org/strip-ansi/-/strip-ansi-6.0.1.tgz 0ms (cache hit)
2366 http cache natural-compare@https://registry.npmjs.org/natural-compare/-/natural-compare-1.4.0.tgz 0ms (cache hit)
2367 http cache text-table@https://registry.npmjs.org/text-table/-/text-table-0.2.0.tgz 0ms (cache hit)
2368 http cache optionator@https://registry.npmjs.org/optionator/-/optionator-0.9.4.tgz 0ms (cache hit)
2369 http cache minimatch@https://registry.npmjs.org/minimatch/-/minimatch-3.1.2.tgz 0ms (cache hit)
2370 http cache lodash.merge@https://registry.npmjs.org/lodash.merge/-/lodash.merge-4.6.2.tgz 0ms (cache hit)
2371 http cache js-yaml@https://registry.npmjs.org/js-yaml/-/js-yaml-4.1.1.tgz 0ms (cache hit)
2372 http cache json-stable-stringify-without-jsonify@https://registry.npmjs.org/json-stable-stringify-without-jsonify/-/json-stable-stringify-without-jsonify-1.0.1.tgz 0ms (cache hit)
2373 http cache levn@https://registry.npmjs.org/levn/-/levn-0.4.1.tgz 0ms (cache hit)
2374 http cache is-path-inside@https://registry.npmjs.org/is-path-inside/-/is-path-inside-3.0.3.tgz 0ms (cache hit)
2375 http cache is-glob@https://registry.npmjs.org/is-glob/-/is-glob-4.0.3.tgz 0ms (cache hit)
2376 http cache graphemer@https://registry.npmjs.org/graphemer/-/graphemer-1.4.0.tgz 0ms (cache hit)
2377 http cache imurmurhash@https://registry.npmjs.org/imurmurhash/-/imurmurhash-0.1.4.tgz 0ms (cache hit)
2378 http cache ignore@https://registry.npmjs.org/ignore/-/ignore-5.3.2.tgz 0ms (cache hit)
2379 http cache globals@https://registry.npmjs.org/globals/-/globals-13.24.0.tgz 0ms (cache hit)
2380 http cache glob-parent@https://registry.npmjs.org/glob-parent/-/glob-parent-6.0.2.tgz 0ms (cache hit)
2381 http cache find-up@https://registry.npmjs.org/find-up/-/find-up-5.0.0.tgz 0ms (cache hit)
2382 http cache fast-deep-equal@https://registry.npmjs.org/fast-deep-equal/-/fast-deep-equal-3.1.3.tgz 0ms (cache hit)
2383 http cache esutils@https://registry.npmjs.org/esutils/-/esutils-2.0.3.tgz 0ms (cache hit)
2384 http cache file-entry-cache@https://registry.npmjs.org/file-entry-cache/-/file-entry-cache-6.0.1.tgz 0ms (cache hit)
2385 http cache esquery@https://registry.npmjs.org/esquery/-/esquery-1.7.0.tgz 0ms (cache hit)
2386 http cache espree@https://registry.npmjs.org/espree/-/espree-9.6.1.tgz 0ms (cache hit)
2387 http cache escape-string-regexp@https://registry.npmjs.org/escape-string-regexp/-/escape-string-regexp-4.0.0.tgz 0ms (cache hit)
2388 http cache eslint-scope@https://registry.npmjs.org/eslint-scope/-/eslint-scope-7.2.2.tgz 0ms (cache hit)
2389 http cache eslint-visitor-keys@https://registry.npmjs.org/eslint-visitor-keys/-/eslint-visitor-keys-3.4.3.tgz 0ms (cache hit)
2390 http cache doctrine@https://registry.npmjs.org/doctrine/-/doctrine-3.0.0.tgz 0ms (cache hit)
2391 http cache debug@https://registry.npmjs.org/debug/-/debug-4.4.3.tgz 0ms (cache hit)
2392 http cache chalk@https://registry.npmjs.org/chalk/-/chalk-4.1.2.tgz 0ms (cache hit)
2393 http cache cross-spawn@https://registry.npmjs.org/cross-spawn/-/cross-spawn-7.0.6.tgz 0ms (cache hit)
2394 http cache ajv@https://registry.npmjs.org/ajv/-/ajv-6.12.6.tgz 0ms (cache hit)
2395 http cache @ungap/structured-clone@https://registry.npmjs.org/@ungap/structured-clone/-/structured-clone-1.3.0.tgz 0ms (cache hit)
2396 http cache @nodelib/fs.walk@https://registry.npmjs.org/@nodelib/fs.walk/-/fs.walk-1.2.8.tgz 0ms (cache hit)
2397 http cache @humanwhocodes/module-importer@https://registry.npmjs.org/@humanwhocodes/module-importer/-/module-importer-1.0.1.tgz 0ms (cache hit)
2398 http cache @humanwhocodes/config-array@https://registry.npmjs.org/@humanwhocodes/config-array/-/config-array-0.11.14.tgz 0ms (cache hit)
2399 http cache @eslint/js@https://registry.npmjs.org/@eslint/js/-/js-8.57.0.tgz 0ms (cache hit)
2400 http cache @eslint/eslintrc@https://registry.npmjs.org/@eslint/eslintrc/-/eslintrc-2.1.4.tgz 0ms (cache hit)
2401 http cache @eslint-community/regexpp@https://registry.npmjs.org/@eslint-community/regexpp/-/regexpp-4.12.2.tgz 0ms (cache hit)
2402 http cache csstype@https://registry.npmjs.org/csstype/-/csstype-3.2.3.tgz 0ms (cache hit)
2403 http cache @eslint-community/eslint-utils@https://registry.npmjs.org/@eslint-community/eslint-utils/-/eslint-utils-4.9.1.tgz 0ms (cache hit)
2404 http cache @types/prop-types@https://registry.npmjs.org/@types/prop-types/-/prop-types-15.7.15.tgz 0ms (cache hit)
2405 http cache undici-types@https://registry.npmjs.org/undici-types/-/undici-types-5.26.5.tgz 0ms (cache hit)
2406 http cache typescript@https://registry.npmjs.org/typescript/-/typescript-5.5.3.tgz 0ms (cache hit)
2407 http cache react-dom@https://registry.npmjs.org/react-dom/-/react-dom-18.3.1.tgz 0ms (cache hit)
2408 http cache next@https://registry.npmjs.org/next/-/next-14.2.5.tgz 0ms (cache hit)
2409 http cache react@https://registry.npmjs.org/react/-/react-18.3.1.tgz 0ms (cache hit)
2410 http cache eslint@https://registry.npmjs.org/eslint/-/eslint-8.57.0.tgz 0ms (cache hit)
2411 http cache @types/react-dom@https://registry.npmjs.org/@types/react-dom/-/react-dom-18.3.0.tgz 0ms (cache hit)
2412 http cache eslint-config-next@https://registry.npmjs.org/eslint-config-next/-/eslint-config-next-14.2.5.tgz 0ms (cache hit)
2413 http cache @types/node@https://registry.npmjs.org/@types/node/-/node-20.14.10.tgz 0ms (cache hit)
2414 http cache @types/react@https://registry.npmjs.org/@types/react/-/react-18.3.3.tgz 0ms (cache hit)
2415 http cache semver@https://registry.npmjs.org/semver/-/semver-6.3.1.tgz 0ms (cache hit)
2416 http cache emoji-regex@https://registry.npmjs.org/emoji-regex/-/emoji-regex-8.0.0.tgz 0ms (cache hit)
2417 http cache string-width@https://registry.npmjs.org/string-width/-/string-width-4.2.3.tgz 0ms (cache hit)
2418 http cache ansi-regex@https://registry.npmjs.org/ansi-regex/-/ansi-regex-6.2.2.tgz 1ms (cache hit)
2419 http cache strip-ansi@https://registry.npmjs.org/strip-ansi/-/strip-ansi-7.1.2.tgz 0ms (cache hit)
2420 http cache ansi-styles@https://registry.npmjs.org/ansi-styles/-/ansi-styles-6.2.3.tgz 0ms (cache hit)
2421 http cache emoji-regex@https://registry.npmjs.org/emoji-regex/-/emoji-regex-8.0.0.tgz 0ms (cache hit)
2422 http cache strip-ansi@https://registry.npmjs.org/strip-ansi/-/strip-ansi-7.1.2.tgz 0ms (cache hit)
2423 http cache ansi-regex@https://registry.npmjs.org/ansi-regex/-/ansi-regex-6.2.2.tgz 0ms (cache hit)
2424 http cache ansi-regex@https://registry.npmjs.org/ansi-regex/-/ansi-regex-6.2.2.tgz 0ms (cache hit)
2425 http cache strip-ansi@https://registry.npmjs.org/strip-ansi/-/strip-ansi-7.1.2.tgz 0ms (cache hit)
2426 http cache glob-parent@https://registry.npmjs.org/glob-parent/-/glob-parent-5.1.2.tgz 0ms (cache hit)
2427 http cache debug@https://registry.npmjs.org/debug/-/debug-3.2.7.tgz 0ms (cache hit)
2428 http cache glob@https://registry.npmjs.org/glob/-/glob-7.2.3.tgz 0ms (cache hit)
2429 http cache picomatch@https://registry.npmjs.org/picomatch/-/picomatch-4.0.3.tgz 0ms (cache hit)
2430 http cache fdir@https://registry.npmjs.org/fdir/-/fdir-6.5.0.tgz 0ms (cache hit)
2431 http cache brace-expansion@https://registry.npmjs.org/brace-expansion/-/brace-expansion-2.0.2.tgz 0ms (cache hit)
2432 http cache minimatch@https://registry.npmjs.org/minimatch/-/minimatch-9.0.5.tgz 0ms (cache hit)
2433 http cache minimatch@https://registry.npmjs.org/minimatch/-/minimatch-9.0.3.tgz 0ms (cache hit)
2434 http cache semver@https://registry.npmjs.org/semver/-/semver-6.3.1.tgz 0ms (cache hit)
2435 http cache brace-expansion@https://registry.npmjs.org/brace-expansion/-/brace-expansion-2.0.2.tgz 0ms (cache hit)
2436 http cache resolve@https://registry.npmjs.org/resolve/-/resolve-2.0.0-next.6.tgz 0ms (cache hit)
2437 http cache doctrine@https://registry.npmjs.org/doctrine/-/doctrine-2.1.0.tgz 0ms (cache hit)
2438 http cache semver@https://registry.npmjs.org/semver/-/semver-6.3.1.tgz 0ms (cache hit)
2439 http cache debug@https://registry.npmjs.org/debug/-/debug-3.2.7.tgz 0ms (cache hit)
2440 http cache doctrine@https://registry.npmjs.org/doctrine/-/doctrine-2.1.0.tgz 0ms (cache hit)
2441 http cache debug@https://registry.npmjs.org/debug/-/debug-3.2.7.tgz 0ms (cache hit)
2442 silly tarball no local data for once@https://registry.npmjs.org/once/-/once-1.4.0.tgz. Extracting by manifest.
2443 silly tarball no local data for path-is-absolute@https://registry.npmjs.org/path-is-absolute/-/path-is-absolute-1.0.1.tgz. Extracting by manifest.
2444 silly tarball no local data for inherits@https://registry.npmjs.org/inherits/-/inherits-2.0.4.tgz. Extracting by manifest.
2445 silly tarball no local data for wrappy@https://registry.npmjs.org/wrappy/-/wrappy-1.0.2.tgz. Extracting by manifest.
2446 silly tarball no local data for inflight@https://registry.npmjs.org/inflight/-/inflight-1.0.6.tgz. Extracting by manifest.
2447 silly tarball no local data for fs.realpath@https://registry.npmjs.org/fs.realpath/-/fs.realpath-1.0.0.tgz. Extracting by manifest.
2448 silly tarball no local data for is-weakmap@https://registry.npmjs.org/is-weakmap/-/is-weakmap-2.0.2.tgz. Extracting by manifest.
2449 silly tarball no local data for node-exports-info@https://registry.npmjs.org/node-exports-info/-/node-exports-info-1.6.0.tgz. Extracting by manifest.
2450 silly tarball no local data for is-weakset@https://registry.npmjs.org/is-weakset/-/is-weakset-2.0.4.tgz. Extracting by manifest.
2451 silly tarball no local data for is-map@https://registry.npmjs.org/is-map/-/is-map-2.0.3.tgz. Extracting by manifest.
2452 silly tarball no local data for generator-function@https://registry.npmjs.org/generator-function/-/generator-function-2.0.1.tgz. Extracting by manifest.
2453 silly tarball no local data for which-collection@https://registry.npmjs.org/which-collection/-/which-collection-1.0.2.tgz. Extracting by manifest.
2454 silly tarball no local data for async-function@https://registry.npmjs.org/async-function/-/async-function-1.0.0.tgz. Extracting by manifest.
2455 silly tarball no local data for is-generator-function@https://registry.npmjs.org/is-generator-function/-/is-generator-function-1.1.2.tgz. Extracting by manifest.
2456 silly tarball no local data for is-finalizationregistry@https://registry.npmjs.org/is-finalizationregistry/-/is-finalizationregistry-1.1.1.tgz. Extracting by manifest.
2457 silly tarball no local data for is-async-function@https://registry.npmjs.org/is-async-function/-/is-async-function-2.1.1.tgz. Extracting by manifest.
2458 silly tarball no local data for is-boolean-object@https://registry.npmjs.org/is-boolean-object/-/is-boolean-object-1.2.2.tgz. Extracting by manifest.
2459 silly tarball no local data for is-number-object@https://registry.npmjs.org/is-number-object/-/is-number-object-1.1.1.tgz. Extracting by manifest.
2460 silly tarball no local data for is-bigint@https://registry.npmjs.org/is-bigint/-/is-bigint-1.1.0.tgz. Extracting by manifest.
2461 silly tarball no local data for punycode@https://registry.npmjs.org/punycode/-/punycode-2.3.1.tgz. Extracting by manifest.
2462 silly tarball no local data for isexe@https://registry.npmjs.org/isexe/-/isexe-2.0.0.tgz. Extracting by manifest.
2463 silly tarball no local data for @emnapi/wasi-threads@https://registry.npmjs.org/@emnapi/wasi-threads/-/wasi-threads-1.1.0.tgz. Extracting by manifest.
2464 silly tarball no local data for @emnapi/runtime@https://registry.npmjs.org/@emnapi/runtime/-/runtime-1.8.1.tgz. Extracting by manifest.
2465 silly tarball no local data for @tybys/wasm-util@https://registry.npmjs.org/@tybys/wasm-util/-/wasm-util-0.10.1.tgz. Extracting by manifest.
2466 silly tarball no local data for @emnapi/core@https://registry.npmjs.org/@emnapi/core/-/core-1.8.1.tgz. Extracting by manifest.
2467 silly tarball no local data for @napi-rs/wasm-runtime@https://registry.npmjs.org/@napi-rs/wasm-runtime/-/wasm-runtime-0.2.12.tgz. Extracting by manifest.
2468 silly tarball no local data for napi-postinstall@https://registry.npmjs.org/napi-postinstall/-/napi-postinstall-0.3.4.tgz. Extracting by manifest.
2469 silly tarball no local data for @unrs/resolver-binding-darwin-x64@https://registry.npmjs.org/@unrs/resolver-binding-darwin-x64/-/resolver-binding-darwin-x64-1.11.1.tgz. Extracting by manifest.
2470 silly tarball no local data for has-bigints@https://registry.npmjs.org/has-bigints/-/has-bigints-1.1.0.tgz. Extracting by manifest.
2471 silly tarball no local data for which-boxed-primitive@https://registry.npmjs.org/which-boxed-primitive/-/which-boxed-primitive-1.1.1.tgz. Extracting by manifest.
2472 silly tarball no local data for which-builtin-type@https://registry.npmjs.org/which-builtin-type/-/which-builtin-type-1.2.1.tgz. Extracting by manifest.
2473 silly tarball no local data for reflect.getprototypeof@https://registry.npmjs.org/reflect.getprototypeof/-/reflect.getprototypeof-1.0.10.tgz. Extracting by manifest.
2474 silly tarball no local data for for-each@https://registry.npmjs.org/for-each/-/for-each-0.3.5.tgz. Extracting by manifest.
2475 silly tarball no local data for strip-bom@https://registry.npmjs.org/strip-bom/-/strip-bom-3.0.0.tgz. Extracting by manifest.
2476 silly tarball no local data for minimist@https://registry.npmjs.org/minimist/-/minimist-1.2.8.tgz. Extracting by manifest.
2477 silly tarball no local data for json5@https://registry.npmjs.org/json5/-/json5-1.0.2.tgz. Extracting by manifest.
2478 silly tarball no local data for @types/json5@https://registry.npmjs.org/@types/json5/-/json5-0.0.29.tgz. Extracting by manifest.
2479 silly tarball no local data for has-flag@https://registry.npmjs.org/has-flag/-/has-flag-4.0.0.tgz. Extracting by manifest.
2480 silly tarball no local data for is-number@https://registry.npmjs.org/is-number/-/is-number-7.0.0.tgz. Extracting by manifest.
2481 silly tarball no local data for eastasianwidth@https://registry.npmjs.org/eastasianwidth/-/eastasianwidth-0.2.0.tgz. Extracting by manifest.
2482 silly tarball no local data for ansi-regex@https://registry.npmjs.org/ansi-regex/-/ansi-regex-5.0.1.tgz. Extracting by manifest.
2483 silly tarball no local data for is-fullwidth-code-point@https://registry.npmjs.org/is-fullwidth-code-point/-/is-fullwidth-code-point-3.0.0.tgz. Extracting by manifest.
2484 silly tarball no local data for client-only@https://registry.npmjs.org/client-only/-/client-only-0.0.1.tgz. Extracting by manifest.
2485 silly tarball no local data for side-channel-weakmap@https://registry.npmjs.org/side-channel-weakmap/-/side-channel-weakmap-1.0.2.tgz. Extracting by manifest.
2486 silly tarball no local data for side-channel-map@https://registry.npmjs.org/side-channel-map/-/side-channel-map-1.0.1.tgz. Extracting by manifest.
2487 silly tarball no local data for shebang-regex@https://registry.npmjs.org/shebang-regex/-/shebang-regex-3.0.0.tgz. Extracting by manifest.
2488 silly tarball no local data for side-channel-list@https://registry.npmjs.org/side-channel-list/-/side-channel-list-1.0.0.tgz. Extracting by manifest.
2489 silly tarball no local data for isarray@https://registry.npmjs.org/isarray/-/isarray-2.0.5.tgz. Extracting by manifest.
2490 silly tarball no local data for supports-preserve-symlinks-flag@https://registry.npmjs.org/supports-preserve-symlinks-flag/-/supports-preserve-symlinks-flag-1.0.0.tgz. Extracting by manifest.
2491 silly tarball no local data for queue-microtask@https://registry.npmjs.org/queue-microtask/-/queue-microtask-1.2.3.tgz. Extracting by manifest.
2492 silly tarball no local data for path-parse@https://registry.npmjs.org/path-parse/-/path-parse-1.0.7.tgz. Extracting by manifest.
2493 silly tarball no local data for js-tokens@https://registry.npmjs.org/js-tokens/-/js-tokens-4.0.0.tgz. Extracting by manifest.
2494 silly tarball no local data for scheduler@https://registry.npmjs.org/scheduler/-/scheduler-0.23.2.tgz. Extracting by manifest.
2495 silly tarball no local data for react-is@https://registry.npmjs.org/react-is/-/react-is-16.13.1.tgz. Extracting by manifest.
2496 silly tarball no local data for loose-envify@https://registry.npmjs.org/loose-envify/-/loose-envify-1.4.0.tgz. Extracting by manifest.
2497 silly tarball no local data for object-assign@https://registry.npmjs.org/object-assign/-/object-assign-4.1.1.tgz. Extracting by manifest.
2498 silly tarball no local data for picocolors@https://registry.npmjs.org/picocolors/-/picocolors-1.1.1.tgz. Extracting by manifest.
2499 silly tarball no local data for source-map-js@https://registry.npmjs.org/source-map-js/-/source-map-js-1.2.1.tgz. Extracting by manifest.
2500 silly tarball no local data for callsites@https://registry.npmjs.org/callsites/-/callsites-3.1.0.tgz. Extracting by manifest.
2501 silly tarball no local data for nanoid@https://registry.npmjs.org/nanoid/-/nanoid-3.3.11.tgz. Extracting by manifest.
2502 silly tarball no local data for lru-cache@https://registry.npmjs.org/lru-cache/-/lru-cache-10.4.3.tgz. Extracting by manifest.
2503 silly tarball no local data for yocto-queue@https://registry.npmjs.org/yocto-queue/-/yocto-queue-0.1.0.tgz. Extracting by manifest.
2504 silly tarball no local data for p-limit@https://registry.npmjs.org/p-limit/-/p-limit-3.1.0.tgz. Extracting by manifest.
2505 silly tarball no local data for streamsearch@https://registry.npmjs.org/streamsearch/-/streamsearch-1.1.0.tgz. Extracting by manifest.
2506 silly tarball no local data for word-wrap@https://registry.npmjs.org/word-wrap/-/word-wrap-1.2.5.tgz. Extracting by manifest.
2507 silly tarball no local data for deep-is@https://registry.npmjs.org/deep-is/-/deep-is-0.1.4.tgz. Extracting by manifest.
2508 silly tarball no local data for fast-levenshtein@https://registry.npmjs.org/fast-levenshtein/-/fast-levenshtein-2.0.6.tgz. Extracting by manifest.
2509 silly tarball no local data for tslib@https://registry.npmjs.org/tslib/-/tslib-2.8.1.tgz. Extracting by manifest.
2510 silly tarball no local data for styled-jsx@https://registry.npmjs.org/styled-jsx/-/styled-jsx-5.1.1.tgz. Extracting by manifest.
2511 silly tarball no local data for @swc/counter@https://registry.npmjs.org/@swc/counter/-/counter-0.1.3.tgz. Extracting by manifest.
2512 silly tarball no local data for postcss@https://registry.npmjs.org/postcss/-/postcss-8.4.31.tgz. Extracting by manifest.
2513 silly tarball no local data for caniuse-lite@https://registry.npmjs.org/caniuse-lite/-/caniuse-lite-1.0.30001770.tgz. Extracting by manifest.
2514 silly tarball no local data for graceful-fs@https://registry.npmjs.org/graceful-fs/-/graceful-fs-4.2.11.tgz. Extracting by manifest.
2515 silly tarball no local data for busboy@https://registry.npmjs.org/busboy/-/busboy-1.6.0.tgz. Extracting by manifest.
2516 silly tarball no local data for @swc/helpers@https://registry.npmjs.org/@swc/helpers/-/helpers-0.5.5.tgz. Extracting by manifest.
2517 silly tarball no local data for @next/swc-darwin-x64@https://registry.npmjs.org/@next/swc-darwin-x64/-/swc-darwin-x64-14.2.5.tgz. Extracting by manifest.
2518 silly tarball no local data for @next/env@https://registry.npmjs.org/@next/env/-/env-14.2.5.tgz. Extracting by manifest.
2519 silly tarball no local data for brace-expansion@https://registry.npmjs.org/brace-expansion/-/brace-expansion-1.1.12.tgz. Extracting by manifest.
2520 silly tarball no local data for concat-map@https://registry.npmjs.org/concat-map/-/concat-map-0.0.1.tgz. Extracting by manifest.
2521 silly tarball no local data for balanced-match@https://registry.npmjs.org/balanced-match/-/balanced-match-1.0.2.tgz. Extracting by manifest.
2522 silly tarball no local data for to-regex-range@https://registry.npmjs.org/to-regex-range/-/to-regex-range-5.0.1.tgz. Extracting by manifest.
2523 silly tarball no local data for fill-range@https://registry.npmjs.org/fill-range/-/fill-range-7.1.1.tgz. Extracting by manifest.
2524 silly tarball no local data for picomatch@https://registry.npmjs.org/picomatch/-/picomatch-2.3.1.tgz. Extracting by manifest.
2525 silly tarball no local data for p-locate@https://registry.npmjs.org/p-locate/-/p-locate-5.0.0.tgz. Extracting by manifest.
2526 silly tarball no local data for type-check@https://registry.npmjs.org/type-check/-/type-check-0.4.0.tgz. Extracting by manifest.
2527 silly tarball no local data for prelude-ls@https://registry.npmjs.org/prelude-ls/-/prelude-ls-1.2.1.tgz. Extracting by manifest.
2528 silly tarball no local data for language-subtag-registry@https://registry.npmjs.org/language-subtag-registry/-/language-subtag-registry-0.3.23.tgz. Extracting by manifest.
2529 silly tarball no local data for braces@https://registry.npmjs.org/braces/-/braces-3.0.3.tgz. Extracting by manifest.
2530 silly tarball no local data for argparse@https://registry.npmjs.org/argparse/-/argparse-2.0.1.tgz. Extracting by manifest.
2531 silly tarball no local data for json-buffer@https://registry.npmjs.org/json-buffer/-/json-buffer-3.0.1.tgz. Extracting by manifest.
2532 silly tarball no local data for wrap-ansi@https://registry.npmjs.org/wrap-ansi/-/wrap-ansi-8.1.0.tgz. Extracting by manifest.
2533 silly tarball no local data for wrap-ansi-cjs@https://registry.npmjs.org/wrap-ansi/-/wrap-ansi-7.0.0.tgz. Extracting by manifest.
2534 silly tarball no local data for string-width-cjs@https://registry.npmjs.org/string-width/-/string-width-4.2.3.tgz. Extracting by manifest.
2535 silly tarball no local data for strip-ansi-cjs@https://registry.npmjs.org/strip-ansi/-/strip-ansi-6.0.1.tgz. Extracting by manifest.
2536 silly tarball no local data for string-width@https://registry.npmjs.org/string-width/-/string-width-5.1.2.tgz. Extracting by manifest.
2537 silly tarball no local data for @pkgjs/parseargs@https://registry.npmjs.org/@pkgjs/parseargs/-/parseargs-0.11.0.tgz. Extracting by manifest.
2538 silly tarball no local data for set-function-name@https://registry.npmjs.org/set-function-name/-/set-function-name-2.0.2.tgz. Extracting by manifest.
2539 silly tarball no local data for @isaacs/cliui@https://registry.npmjs.org/@isaacs/cliui/-/cliui-8.0.2.tgz. Extracting by manifest.
2540 silly tarball no local data for is-extglob@https://registry.npmjs.org/is-extglob/-/is-extglob-2.1.1.tgz. Extracting by manifest.
2541 silly tarball no local data for resolve-from@https://registry.npmjs.org/resolve-from/-/resolve-from-4.0.0.tgz. Extracting by manifest.
2542 silly tarball no local data for side-channel@https://registry.npmjs.org/side-channel/-/side-channel-1.1.0.tgz. Extracting by manifest.
2543 silly tarball no local data for parent-module@https://registry.npmjs.org/parent-module/-/parent-module-1.0.1.tgz. Extracting by manifest.
2544 silly tarball no local data for path-type@https://registry.npmjs.org/path-type/-/path-type-4.0.0.tgz. Extracting by manifest.
2545 silly tarball no local data for micromatch@https://registry.npmjs.org/micromatch/-/micromatch-4.0.8.tgz. Extracting by manifest.
2546 silly tarball no local data for slash@https://registry.npmjs.org/slash/-/slash-3.0.0.tgz. Extracting by manifest.
2547 silly tarball no local data for merge2@https://registry.npmjs.org/merge2/-/merge2-1.4.1.tgz. Extracting by manifest.
2548 silly tarball no local data for fast-glob@https://registry.npmjs.org/fast-glob/-/fast-glob-3.3.3.tgz. Extracting by manifest.
2549 silly tarball no local data for dir-glob@https://registry.npmjs.org/dir-glob/-/dir-glob-3.0.1.tgz. Extracting by manifest.
2550 silly tarball no local data for array-union@https://registry.npmjs.org/array-union/-/array-union-2.1.0.tgz. Extracting by manifest.
2551 silly tarball no local data for type-fest@https://registry.npmjs.org/type-fest/-/type-fest-0.20.2.tgz. Extracting by manifest.
2552 silly tarball no local data for signal-exit@https://registry.npmjs.org/signal-exit/-/signal-exit-4.1.0.tgz. Extracting by manifest.
2553 silly tarball no local data for path-scurry@https://registry.npmjs.org/path-scurry/-/path-scurry-1.11.1.tgz. Extracting by manifest.
2554 silly tarball no local data for minipass@https://registry.npmjs.org/minipass/-/minipass-7.1.2.tgz. Extracting by manifest.
2555 silly tarball no local data for jackspeak@https://registry.npmjs.org/jackspeak/-/jackspeak-2.3.6.tgz. Extracting by manifest.
2556 silly tarball no local data for foreground-child@https://registry.npmjs.org/foreground-child/-/foreground-child-3.3.1.tgz. Extracting by manifest.
2557 silly tarball no local data for resolve-pkg-maps@https://registry.npmjs.org/resolve-pkg-maps/-/resolve-pkg-maps-1.0.0.tgz. Extracting by manifest.
2558 silly tarball no local data for dunder-proto@https://registry.npmjs.org/dunder-proto/-/dunder-proto-1.0.1.tgz. Extracting by manifest.
2559 silly tarball no local data for functions-have-names@https://registry.npmjs.org/functions-have-names/-/functions-have-names-1.2.3.tgz. Extracting by manifest.
2560 silly tarball no local data for flatted@https://registry.npmjs.org/flatted/-/flatted-3.3.3.tgz. Extracting by manifest.
2561 silly tarball no local data for rimraf@https://registry.npmjs.org/rimraf/-/rimraf-3.0.2.tgz. Extracting by manifest.
2562 silly tarball no local data for locate-path@https://registry.npmjs.org/locate-path/-/locate-path-6.0.0.tgz. Extracting by manifest.
2563 silly tarball no local data for path-exists@https://registry.npmjs.org/path-exists/-/path-exists-4.0.0.tgz. Extracting by manifest.
2564 silly tarball no local data for reusify@https://registry.npmjs.org/reusify/-/reusify-1.1.0.tgz. Extracting by manifest.
2565 silly tarball no local data for flat-cache@https://registry.npmjs.org/flat-cache/-/flat-cache-3.2.0.tgz. Extracting by manifest.
2566 silly tarball no local data for acorn-jsx@https://registry.npmjs.org/acorn-jsx/-/acorn-jsx-5.3.2.tgz. Extracting by manifest.
2567 silly tarball no local data for acorn@https://registry.npmjs.org/acorn/-/acorn-8.15.0.tgz. Extracting by manifest.
2568 silly tarball no local data for keyv@https://registry.npmjs.org/keyv/-/keyv-4.5.4.tgz. Extracting by manifest.
2569 silly tarball no local data for esrecurse@https://registry.npmjs.org/esrecurse/-/esrecurse-4.3.0.tgz. Extracting by manifest.
2570 silly tarball no local data for iterator.prototype@https://registry.npmjs.org/iterator.prototype/-/iterator.prototype-1.1.5.tgz. Extracting by manifest.
2571 silly tarball no local data for string.prototype.repeat@https://registry.npmjs.org/string.prototype.repeat/-/string.prototype.repeat-1.0.0.tgz. Extracting by manifest.
2572 silly tarball no local data for string.prototype.matchall@https://registry.npmjs.org/string.prototype.matchall/-/string.prototype.matchall-4.0.12.tgz. Extracting by manifest.
2573 silly tarball no local data for prop-types@https://registry.npmjs.org/prop-types/-/prop-types-15.8.1.tgz. Extracting by manifest.
2574 silly tarball no local data for object.entries@https://registry.npmjs.org/object.entries/-/object.entries-1.1.9.tgz. Extracting by manifest.
2575 silly tarball no local data for estraverse@https://registry.npmjs.org/estraverse/-/estraverse-5.3.0.tgz. Extracting by manifest.
2576 silly tarball no local data for es-iterator-helpers@https://registry.npmjs.org/es-iterator-helpers/-/es-iterator-helpers-1.2.2.tgz. Extracting by manifest.
2577 silly tarball no local data for array.prototype.findlast@https://registry.npmjs.org/array.prototype.findlast/-/array.prototype.findlast-1.2.5.tgz. Extracting by manifest.
2578 silly tarball no local data for array.prototype.tosorted@https://registry.npmjs.org/array.prototype.tosorted/-/array.prototype.tosorted-1.1.4.tgz. Extracting by manifest.
2579 silly tarball no local data for emoji-regex@https://registry.npmjs.org/emoji-regex/-/emoji-regex-9.2.2.tgz. Extracting by manifest.
2580 silly tarball no local data for jsx-ast-utils@https://registry.npmjs.org/jsx-ast-utils/-/jsx-ast-utils-3.3.5.tgz. Extracting by manifest.
2581 silly tarball no local data for string.prototype.includes@https://registry.npmjs.org/string.prototype.includes/-/string.prototype.includes-2.0.1.tgz. Extracting by manifest.
2582 silly tarball no local data for damerau-levenshtein@https://registry.npmjs.org/damerau-levenshtein/-/damerau-levenshtein-1.0.8.tgz. Extracting by manifest.
2583 silly tarball no local data for language-tags@https://registry.npmjs.org/language-tags/-/language-tags-1.0.9.tgz. Extracting by manifest.
2584 silly tarball no local data for ast-types-flow@https://registry.npmjs.org/ast-types-flow/-/ast-types-flow-0.0.8.tgz. Extracting by manifest.
2585 silly tarball no local data for axobject-query@https://registry.npmjs.org/axobject-query/-/axobject-query-4.1.0.tgz. Extracting by manifest.
2586 silly tarball no local data for axe-core@https://registry.npmjs.org/axe-core/-/axe-core-4.11.1.tgz. Extracting by manifest.
2587 silly tarball no local data for aria-query@https://registry.npmjs.org/aria-query/-/aria-query-5.3.2.tgz. Extracting by manifest.
2588 silly tarball no local data for is-symbol@https://registry.npmjs.org/is-symbol/-/is-symbol-1.1.1.tgz. Extracting by manifest.
2589 silly tarball no local data for is-date-object@https://registry.npmjs.org/is-date-object/-/is-date-object-1.1.0.tgz. Extracting by manifest.
2590 silly tarball no local data for has-tostringtag@https://registry.npmjs.org/has-tostringtag/-/has-tostringtag-1.0.2.tgz. Extracting by manifest.
2591 silly tarball no local data for possible-typed-array-names@https://registry.npmjs.org/possible-typed-array-names/-/possible-typed-array-names-1.1.0.tgz. Extracting by manifest.
2592 silly tarball no local data for which-typed-array@https://registry.npmjs.org/which-typed-array/-/which-typed-array-1.1.20.tgz. Extracting by manifest.
2593 silly tarball no local data for unbox-primitive@https://registry.npmjs.org/unbox-primitive/-/unbox-primitive-1.1.0.tgz. Extracting by manifest.
2594 silly tarball no local data for typed-array-byte-offset@https://registry.npmjs.org/typed-array-byte-offset/-/typed-array-byte-offset-1.0.4.tgz. Extracting by manifest.
2595 silly tarball no local data for typed-array-length@https://registry.npmjs.org/typed-array-length/-/typed-array-length-1.0.7.tgz. Extracting by manifest.
2596 silly tarball no local data for typed-array-byte-length@https://registry.npmjs.org/typed-array-byte-length/-/typed-array-byte-length-1.0.3.tgz. Extracting by manifest.
2597 silly tarball no local data for string.prototype.trimstart@https://registry.npmjs.org/string.prototype.trimstart/-/string.prototype.trimstart-1.0.8.tgz. Extracting by manifest.
2598 silly tarball no local data for typed-array-buffer@https://registry.npmjs.org/typed-array-buffer/-/typed-array-buffer-1.0.3.tgz. Extracting by manifest.
2599 silly tarball no local data for string.prototype.trim@https://registry.npmjs.org/string.prototype.trim/-/string.prototype.trim-1.2.10.tgz. Extracting by manifest.
2600 silly tarball no local data for stop-iteration-iterator@https://registry.npmjs.org/stop-iteration-iterator/-/stop-iteration-iterator-1.1.0.tgz. Extracting by manifest.
2601 silly tarball no local data for safe-regex-test@https://registry.npmjs.org/safe-regex-test/-/safe-regex-test-1.1.0.tgz. Extracting by manifest.
2602 silly tarball no local data for set-proto@https://registry.npmjs.org/set-proto/-/set-proto-1.0.0.tgz. Extracting by manifest.
2603 silly tarball no local data for safe-array-concat@https://registry.npmjs.org/safe-array-concat/-/safe-array-concat-1.1.3.tgz. Extracting by manifest.
2604 silly tarball no local data for regexp.prototype.flags@https://registry.npmjs.org/regexp.prototype.flags/-/regexp.prototype.flags-1.5.4.tgz. Extracting by manifest.
2605 silly tarball no local data for safe-push-apply@https://registry.npmjs.org/safe-push-apply/-/safe-push-apply-1.0.0.tgz. Extracting by manifest.
2606 silly tarball no local data for own-keys@https://registry.npmjs.org/own-keys/-/own-keys-1.0.1.tgz. Extracting by manifest.
2607 silly tarball no local data for object.assign@https://registry.npmjs.org/object.assign/-/object.assign-4.1.7.tgz. Extracting by manifest.
2608 silly tarball no local data for is-weakref@https://registry.npmjs.org/is-weakref/-/is-weakref-1.1.1.tgz. Extracting by manifest.
2609 silly tarball no local data for is-typed-array@https://registry.npmjs.org/is-typed-array/-/is-typed-array-1.1.15.tgz. Extracting by manifest.
2610 silly tarball no local data for object-inspect@https://registry.npmjs.org/object-inspect/-/object-inspect-1.13.4.tgz. Extracting by manifest.
2611 silly tarball no local data for is-shared-array-buffer@https://registry.npmjs.org/is-shared-array-buffer/-/is-shared-array-buffer-1.0.4.tgz. Extracting by manifest.
2612 silly tarball no local data for is-set@https://registry.npmjs.org/is-set/-/is-set-2.0.3.tgz. Extracting by manifest.
2613 silly tarball no local data for is-negative-zero@https://registry.npmjs.org/is-negative-zero/-/is-negative-zero-2.0.3.tgz. Extracting by manifest.
2614 silly tarball no local data for is-data-view@https://registry.npmjs.org/is-data-view/-/is-data-view-1.0.2.tgz. Extracting by manifest.
2615 silly tarball no local data for is-regex@https://registry.npmjs.org/is-regex/-/is-regex-1.2.1.tgz. Extracting by manifest.
2616 silly tarball no local data for is-array-buffer@https://registry.npmjs.org/is-array-buffer/-/is-array-buffer-3.0.5.tgz. Extracting by manifest.
2617 silly tarball no local data for is-callable@https://registry.npmjs.org/is-callable/-/is-callable-1.2.7.tgz. Extracting by manifest.
2618 silly tarball no local data for has-proto@https://registry.npmjs.org/has-proto/-/has-proto-1.2.0.tgz. Extracting by manifest.
2619 silly tarball no local data for has-symbols@https://registry.npmjs.org/has-symbols/-/has-symbols-1.1.0.tgz. Extracting by manifest.
2620 silly tarball no local data for internal-slot@https://registry.npmjs.org/internal-slot/-/internal-slot-1.1.0.tgz. Extracting by manifest.
2621 silly tarball no local data for globalthis@https://registry.npmjs.org/globalthis/-/globalthis-1.0.4.tgz. Extracting by manifest.
2622 silly tarball no local data for get-symbol-description@https://registry.npmjs.org/get-symbol-description/-/get-symbol-description-1.1.0.tgz. Extracting by manifest.
2623 silly tarball no local data for function.prototype.name@https://registry.npmjs.org/function.prototype.name/-/function.prototype.name-1.1.8.tgz. Extracting by manifest.
2624 silly tarball no local data for es-to-primitive@https://registry.npmjs.org/es-to-primitive/-/es-to-primitive-1.3.0.tgz. Extracting by manifest.
2625 silly tarball no local data for get-proto@https://registry.npmjs.org/get-proto/-/get-proto-1.0.1.tgz. Extracting by manifest.
2626 silly tarball no local data for data-view-byte-offset@https://registry.npmjs.org/data-view-byte-offset/-/data-view-byte-offset-1.0.1.tgz. Extracting by manifest.
2627 silly tarball no local data for data-view-byte-length@https://registry.npmjs.org/data-view-byte-length/-/data-view-byte-length-1.0.2.tgz. Extracting by manifest.
2628 silly tarball no local data for es-set-tostringtag@https://registry.npmjs.org/es-set-tostringtag/-/es-set-tostringtag-2.1.0.tgz. Extracting by manifest.
2629 silly tarball no local data for data-view-buffer@https://registry.npmjs.org/data-view-buffer/-/data-view-buffer-1.0.2.tgz. Extracting by manifest.
2630 silly tarball no local data for available-typed-arrays@https://registry.npmjs.org/available-typed-arrays/-/available-typed-arrays-1.0.7.tgz. Extracting by manifest.
2631 silly tarball no local data for gopd@https://registry.npmjs.org/gopd/-/gopd-1.2.0.tgz. Extracting by manifest.
2632 silly tarball no local data for arraybuffer.prototype.slice@https://registry.npmjs.org/arraybuffer.prototype.slice/-/arraybuffer.prototype.slice-1.0.4.tgz. Extracting by manifest.
2633 silly tarball no local data for array-buffer-byte-length@https://registry.npmjs.org/array-buffer-byte-length/-/array-buffer-byte-length-1.0.2.tgz. Extracting by manifest.
2634 silly tarball no local data for object-keys@https://registry.npmjs.org/object-keys/-/object-keys-1.1.1.tgz. Extracting by manifest.
2635 silly tarball no local data for has-property-descriptors@https://registry.npmjs.org/has-property-descriptors/-/has-property-descriptors-1.0.2.tgz. Extracting by manifest.
2636 silly tarball no local data for function-bind@https://registry.npmjs.org/function-bind/-/function-bind-1.1.2.tgz. Extracting by manifest.
2637 silly tarball no local data for define-data-property@https://registry.npmjs.org/define-data-property/-/define-data-property-1.1.4.tgz. Extracting by manifest.
2638 silly tarball no local data for es-define-property@https://registry.npmjs.org/es-define-property/-/es-define-property-1.0.1.tgz. Extracting by manifest.
2639 silly tarball no local data for set-function-length@https://registry.npmjs.org/set-function-length/-/set-function-length-1.2.2.tgz. Extracting by manifest.
2640 silly tarball no local data for call-bind-apply-helpers@https://registry.npmjs.org/call-bind-apply-helpers/-/call-bind-apply-helpers-1.0.2.tgz. Extracting by manifest.
2641 silly tarball no local data for es-shim-unscopables@https://registry.npmjs.org/es-shim-unscopables/-/es-shim-unscopables-1.1.0.tgz. Extracting by manifest.
2642 silly tarball no local data for math-intrinsics@https://registry.npmjs.org/math-intrinsics/-/math-intrinsics-1.1.0.tgz. Extracting by manifest.
2643 silly tarball no local data for es-errors@https://registry.npmjs.org/es-errors/-/es-errors-1.3.0.tgz. Extracting by manifest.
2644 silly tarball no local data for is-string@https://registry.npmjs.org/is-string/-/is-string-1.1.1.tgz. Extracting by manifest.
2645 silly tarball no local data for get-intrinsic@https://registry.npmjs.org/get-intrinsic/-/get-intrinsic-1.3.0.tgz. Extracting by manifest.
2646 silly tarball no local data for es-object-atoms@https://registry.npmjs.org/es-object-atoms/-/es-object-atoms-1.1.1.tgz. Extracting by manifest.
2647 silly tarball no local data for define-properties@https://registry.npmjs.org/define-properties/-/define-properties-1.2.1.tgz. Extracting by manifest.
2648 silly tarball no local data for es-abstract@https://registry.npmjs.org/es-abstract/-/es-abstract-1.24.1.tgz. Extracting by manifest.
2649 silly tarball no local data for call-bound@https://registry.npmjs.org/call-bound/-/call-bound-1.0.4.tgz. Extracting by manifest.
2650 silly tarball no local data for tsconfig-paths@https://registry.npmjs.org/tsconfig-paths/-/tsconfig-paths-3.15.0.tgz. Extracting by manifest.
2651 silly tarball no local data for call-bind@https://registry.npmjs.org/call-bind/-/call-bind-1.0.8.tgz. Extracting by manifest.
2652 silly tarball no local data for string.prototype.trimend@https://registry.npmjs.org/string.prototype.trimend/-/string.prototype.trimend-1.0.9.tgz. Extracting by manifest.
2653 silly tarball no local data for object.values@https://registry.npmjs.org/object.values/-/object.values-1.2.1.tgz. Extracting by manifest.
2654 silly tarball no local data for object.groupby@https://registry.npmjs.org/object.groupby/-/object.groupby-1.0.3.tgz. Extracting by manifest.
2655 silly tarball no local data for eslint-module-utils@https://registry.npmjs.org/eslint-module-utils/-/eslint-module-utils-2.12.1.tgz. Extracting by manifest.
2656 silly tarball no local data for array.prototype.flatmap@https://registry.npmjs.org/array.prototype.flatmap/-/array.prototype.flatmap-1.3.3.tgz. Extracting by manifest.
2657 silly tarball no local data for hasown@https://registry.npmjs.org/hasown/-/hasown-2.0.2.tgz. Extracting by manifest.
2658 silly tarball no local data for object.fromentries@https://registry.npmjs.org/object.fromentries/-/object.fromentries-2.0.8.tgz. Extracting by manifest.
2659 silly tarball no local data for array.prototype.flat@https://registry.npmjs.org/array.prototype.flat/-/array.prototype.flat-1.3.3.tgz. Extracting by manifest.
2660 silly tarball no local data for array.prototype.findlastindex@https://registry.npmjs.org/array.prototype.findlastindex/-/array.prototype.findlastindex-1.2.6.tgz. Extracting by manifest.
2661 silly tarball no local data for array-includes@https://registry.npmjs.org/array-includes/-/array-includes-3.1.9.tgz. Extracting by manifest.
2662 silly tarball no local data for @rtsao/scc@https://registry.npmjs.org/@rtsao/scc/-/scc-1.1.0.tgz. Extracting by manifest.
2663 silly tarball no local data for unrs-resolver@https://registry.npmjs.org/unrs-resolver/-/unrs-resolver-1.11.1.tgz. Extracting by manifest.
2664 silly tarball no local data for tinyglobby@https://registry.npmjs.org/tinyglobby/-/tinyglobby-0.2.15.tgz. Extracting by manifest.
2665 silly tarball no local data for stable-hash@https://registry.npmjs.org/stable-hash/-/stable-hash-0.0.5.tgz. Extracting by manifest.
2666 silly tarball no local data for get-tsconfig@https://registry.npmjs.org/get-tsconfig/-/get-tsconfig-4.13.6.tgz. Extracting by manifest.
2667 silly tarball no local data for @nolyfill/is-core-module@https://registry.npmjs.org/@nolyfill/is-core-module/-/is-core-module-1.0.39.tgz. Extracting by manifest.
2668 silly tarball no local data for is-bun-module@https://registry.npmjs.org/is-bun-module/-/is-bun-module-2.0.0.tgz. Extracting by manifest.
2669 silly tarball no local data for is-core-module@https://registry.npmjs.org/is-core-module/-/is-core-module-2.16.1.tgz. Extracting by manifest.
2670 silly tarball no local data for ts-api-utils@https://registry.npmjs.org/ts-api-utils/-/ts-api-utils-1.4.3.tgz. Extracting by manifest.
2671 silly tarball no local data for resolve@https://registry.npmjs.org/resolve/-/resolve-1.22.11.tgz. Extracting by manifest.
2672 silly tarball no local data for semver@https://registry.npmjs.org/semver/-/semver-7.7.4.tgz. Extracting by manifest.
2673 silly tarball no local data for globby@https://registry.npmjs.org/globby/-/globby-11.1.0.tgz. Extracting by manifest.
2674 silly tarball no local data for @typescript-eslint/visitor-keys@https://registry.npmjs.org/@typescript-eslint/visitor-keys/-/visitor-keys-7.2.0.tgz. Extracting by manifest.
2675 silly tarball no local data for @typescript-eslint/typescript-estree@https://registry.npmjs.org/@typescript-eslint/typescript-estree/-/typescript-estree-7.2.0.tgz. Extracting by manifest.
2676 silly tarball no local data for glob@https://registry.npmjs.org/glob/-/glob-10.3.10.tgz. Extracting by manifest.
2677 silly tarball no local data for @typescript-eslint/scope-manager@https://registry.npmjs.org/@typescript-eslint/scope-manager/-/scope-manager-7.2.0.tgz. Extracting by manifest.
2678 silly tarball no local data for @typescript-eslint/types@https://registry.npmjs.org/@typescript-eslint/types/-/types-7.2.0.tgz. Extracting by manifest.
2679 silly tarball no local data for eslint-plugin-react@https://registry.npmjs.org/eslint-plugin-react/-/eslint-plugin-react-7.37.5.tgz. Extracting by manifest.
2680 silly tarball no local data for eslint-plugin-jsx-a11y@https://registry.npmjs.org/eslint-plugin-jsx-a11y/-/eslint-plugin-jsx-a11y-6.10.2.tgz. Extracting by manifest.
2681 silly tarball no local data for eslint-plugin-react-hooks@https://registry.npmjs.org/eslint-plugin-react-hooks/-/eslint-plugin-react-hooks-5.0.0-canary-7118f5dd7-20230705.tgz. Extracting by manifest.
2682 silly tarball no local data for eslint-import-resolver-typescript@https://registry.npmjs.org/eslint-import-resolver-typescript/-/eslint-import-resolver-typescript-3.10.1.tgz. Extracting by manifest.
2683 silly tarball no local data for eslint-plugin-import@https://registry.npmjs.org/eslint-plugin-import/-/eslint-plugin-import-2.32.0.tgz. Extracting by manifest.
2684 silly tarball no local data for eslint-import-resolver-node@https://registry.npmjs.org/eslint-import-resolver-node/-/eslint-import-resolver-node-0.3.9.tgz. Extracting by manifest.
2685 silly tarball no local data for @typescript-eslint/parser@https://registry.npmjs.org/@typescript-eslint/parser/-/parser-7.2.0.tgz. Extracting by manifest.
2686 silly tarball no local data for @next/eslint-plugin-next@https://registry.npmjs.org/@next/eslint-plugin-next/-/eslint-plugin-next-14.2.5.tgz. Extracting by manifest.
2687 silly tarball no local data for ms@https://registry.npmjs.org/ms/-/ms-2.1.3.tgz. Extracting by manifest.
2688 silly tarball no local data for @rushstack/eslint-patch@https://registry.npmjs.org/@rushstack/eslint-patch/-/eslint-patch-1.15.0.tgz. Extracting by manifest.
2689 silly tarball no local data for shebang-command@https://registry.npmjs.org/shebang-command/-/shebang-command-2.0.0.tgz. Extracting by manifest.
2690 silly tarball no local data for which@https://registry.npmjs.org/which/-/which-2.0.2.tgz. Extracting by manifest.
2691 silly tarball no local data for path-key@https://registry.npmjs.org/path-key/-/path-key-3.1.1.tgz. Extracting by manifest.
2692 silly tarball no local data for color-name@https://registry.npmjs.org/color-name/-/color-name-1.1.4.tgz. Extracting by manifest.
2693 silly tarball no local data for color-convert@https://registry.npmjs.org/color-convert/-/color-convert-2.0.1.tgz. Extracting by manifest.
2694 silly tarball no local data for ansi-styles@https://registry.npmjs.org/ansi-styles/-/ansi-styles-4.3.0.tgz. Extracting by manifest.
2695 silly tarball no local data for supports-color@https://registry.npmjs.org/supports-color/-/supports-color-7.2.0.tgz. Extracting by manifest.
2696 silly tarball no local data for json-schema-traverse@https://registry.npmjs.org/json-schema-traverse/-/json-schema-traverse-0.4.1.tgz. Extracting by manifest.
2697 silly tarball no local data for fast-json-stable-stringify@https://registry.npmjs.org/fast-json-stable-stringify/-/fast-json-stable-stringify-2.1.0.tgz. Extracting by manifest.
2698 silly tarball no local data for uri-js@https://registry.npmjs.org/uri-js/-/uri-js-4.4.1.tgz. Extracting by manifest.
2699 silly tarball no local data for run-parallel@https://registry.npmjs.org/run-parallel/-/run-parallel-1.2.0.tgz. Extracting by manifest.
2700 silly tarball no local data for @nodelib/fs.stat@https://registry.npmjs.org/@nodelib/fs.stat/-/fs.stat-2.0.5.tgz. Extracting by manifest.
2701 silly tarball no local data for fastq@https://registry.npmjs.org/fastq/-/fastq-1.20.1.tgz. Extracting by manifest.
2702 silly tarball no local data for @nodelib/fs.scandir@https://registry.npmjs.org/@nodelib/fs.scandir/-/fs.scandir-2.1.5.tgz. Extracting by manifest.
2703 silly tarball no local data for import-fresh@https://registry.npmjs.org/import-fresh/-/import-fresh-3.3.1.tgz. Extracting by manifest.
2704 silly tarball no local data for @humanwhocodes/object-schema@https://registry.npmjs.org/@humanwhocodes/object-schema/-/object-schema-2.0.3.tgz. Extracting by manifest.
2705 silly tarball no local data for strip-json-comments@https://registry.npmjs.org/strip-json-comments/-/strip-json-comments-3.1.1.tgz. Extracting by manifest.
2706 silly tarball no local data for strip-ansi@https://registry.npmjs.org/strip-ansi/-/strip-ansi-6.0.1.tgz. Extracting by manifest.
2707 silly tarball no local data for natural-compare@https://registry.npmjs.org/natural-compare/-/natural-compare-1.4.0.tgz. Extracting by manifest.
2708 silly tarball no local data for text-table@https://registry.npmjs.org/text-table/-/text-table-0.2.0.tgz. Extracting by manifest.
2709 silly tarball no local data for optionator@https://registry.npmjs.org/optionator/-/optionator-0.9.4.tgz. Extracting by manifest.
2710 silly tarball no local data for minimatch@https://registry.npmjs.org/minimatch/-/minimatch-3.1.2.tgz. Extracting by manifest.
2711 silly tarball no local data for lodash.merge@https://registry.npmjs.org/lodash.merge/-/lodash.merge-4.6.2.tgz. Extracting by manifest.
2712 silly tarball no local data for js-yaml@https://registry.npmjs.org/js-yaml/-/js-yaml-4.1.1.tgz. Extracting by manifest.
2713 silly tarball no local data for json-stable-stringify-without-jsonify@https://registry.npmjs.org/json-stable-stringify-without-jsonify/-/json-stable-stringify-without-jsonify-1.0.1.tgz. Extracting by manifest.
2714 silly tarball no local data for levn@https://registry.npmjs.org/levn/-/levn-0.4.1.tgz. Extracting by manifest.
2715 silly tarball no local data for is-path-inside@https://registry.npmjs.org/is-path-inside/-/is-path-inside-3.0.3.tgz. Extracting by manifest.
2716 silly tarball no local data for is-glob@https://registry.npmjs.org/is-glob/-/is-glob-4.0.3.tgz. Extracting by manifest.
2717 silly tarball no local data for graphemer@https://registry.npmjs.org/graphemer/-/graphemer-1.4.0.tgz. Extracting by manifest.
2718 silly tarball no local data for imurmurhash@https://registry.npmjs.org/imurmurhash/-/imurmurhash-0.1.4.tgz. Extracting by manifest.
2719 silly tarball no local data for ignore@https://registry.npmjs.org/ignore/-/ignore-5.3.2.tgz. Extracting by manifest.
2720 silly tarball no local data for globals@https://registry.npmjs.org/globals/-/globals-13.24.0.tgz. Extracting by manifest.
2721 silly tarball no local data for glob-parent@https://registry.npmjs.org/glob-parent/-/glob-parent-6.0.2.tgz. Extracting by manifest.
2722 silly tarball no local data for find-up@https://registry.npmjs.org/find-up/-/find-up-5.0.0.tgz. Extracting by manifest.
2723 silly tarball no local data for fast-deep-equal@https://registry.npmjs.org/fast-deep-equal/-/fast-deep-equal-3.1.3.tgz. Extracting by manifest.
2724 silly tarball no local data for esutils@https://registry.npmjs.org/esutils/-/esutils-2.0.3.tgz. Extracting by manifest.
2725 silly tarball no local data for file-entry-cache@https://registry.npmjs.org/file-entry-cache/-/file-entry-cache-6.0.1.tgz. Extracting by manifest.
2726 silly tarball no local data for esquery@https://registry.npmjs.org/esquery/-/esquery-1.7.0.tgz. Extracting by manifest.
2727 silly tarball no local data for espree@https://registry.npmjs.org/espree/-/espree-9.6.1.tgz. Extracting by manifest.
2728 silly tarball no local data for escape-string-regexp@https://registry.npmjs.org/escape-string-regexp/-/escape-string-regexp-4.0.0.tgz. Extracting by manifest.
2729 silly tarball no local data for eslint-scope@https://registry.npmjs.org/eslint-scope/-/eslint-scope-7.2.2.tgz. Extracting by manifest.
2730 silly tarball no local data for eslint-visitor-keys@https://registry.npmjs.org/eslint-visitor-keys/-/eslint-visitor-keys-3.4.3.tgz. Extracting by manifest.
2731 silly tarball no local data for doctrine@https://registry.npmjs.org/doctrine/-/doctrine-3.0.0.tgz. Extracting by manifest.
2732 silly tarball no local data for debug@https://registry.npmjs.org/debug/-/debug-4.4.3.tgz. Extracting by manifest.
2733 silly tarball no local data for chalk@https://registry.npmjs.org/chalk/-/chalk-4.1.2.tgz. Extracting by manifest.
2734 silly tarball no local data for cross-spawn@https://registry.npmjs.org/cross-spawn/-/cross-spawn-7.0.6.tgz. Extracting by manifest.
2735 silly tarball no local data for ajv@https://registry.npmjs.org/ajv/-/ajv-6.12.6.tgz. Extracting by manifest.
2736 silly tarball no local data for @ungap/structured-clone@https://registry.npmjs.org/@ungap/structured-clone/-/structured-clone-1.3.0.tgz. Extracting by manifest.
2737 silly tarball no local data for @nodelib/fs.walk@https://registry.npmjs.org/@nodelib/fs.walk/-/fs.walk-1.2.8.tgz. Extracting by manifest.
2738 silly tarball no local data for @humanwhocodes/module-importer@https://registry.npmjs.org/@humanwhocodes/module-importer/-/module-importer-1.0.1.tgz. Extracting by manifest.
2739 silly tarball no local data for @humanwhocodes/config-array@https://registry.npmjs.org/@humanwhocodes/config-array/-/config-array-0.11.14.tgz. Extracting by manifest.
2740 silly tarball no local data for @eslint/js@https://registry.npmjs.org/@eslint/js/-/js-8.57.0.tgz. Extracting by manifest.
2741 silly tarball no local data for @eslint/eslintrc@https://registry.npmjs.org/@eslint/eslintrc/-/eslintrc-2.1.4.tgz. Extracting by manifest.
2742 silly tarball no local data for @eslint-community/regexpp@https://registry.npmjs.org/@eslint-community/regexpp/-/regexpp-4.12.2.tgz. Extracting by manifest.
2743 silly tarball no local data for csstype@https://registry.npmjs.org/csstype/-/csstype-3.2.3.tgz. Extracting by manifest.
2744 silly tarball no local data for @eslint-community/eslint-utils@https://registry.npmjs.org/@eslint-community/eslint-utils/-/eslint-utils-4.9.1.tgz. Extracting by manifest.
2745 silly tarball no local data for @types/prop-types@https://registry.npmjs.org/@types/prop-types/-/prop-types-15.7.15.tgz. Extracting by manifest.
2746 silly tarball no local data for undici-types@https://registry.npmjs.org/undici-types/-/undici-types-5.26.5.tgz. Extracting by manifest.
2747 silly tarball no local data for typescript@https://registry.npmjs.org/typescript/-/typescript-5.5.3.tgz. Extracting by manifest.
2748 silly tarball no local data for react-dom@https://registry.npmjs.org/react-dom/-/react-dom-18.3.1.tgz. Extracting by manifest.
2749 silly tarball no local data for next@https://registry.npmjs.org/next/-/next-14.2.5.tgz. Extracting by manifest.
2750 silly tarball no local data for react@https://registry.npmjs.org/react/-/react-18.3.1.tgz. Extracting by manifest.
2751 silly tarball no local data for eslint@https://registry.npmjs.org/eslint/-/eslint-8.57.0.tgz. Extracting by manifest.
2752 silly tarball no local data for @types/react-dom@https://registry.npmjs.org/@types/react-dom/-/react-dom-18.3.0.tgz. Extracting by manifest.
2753 silly tarball no local data for eslint-config-next@https://registry.npmjs.org/eslint-config-next/-/eslint-config-next-14.2.5.tgz. Extracting by manifest.
2754 silly tarball no local data for @types/node@https://registry.npmjs.org/@types/node/-/node-20.14.10.tgz. Extracting by manifest.
2755 silly tarball no local data for @types/react@https://registry.npmjs.org/@types/react/-/react-18.3.3.tgz. Extracting by manifest.
2756 silly tarball no local data for semver@https://registry.npmjs.org/semver/-/semver-6.3.1.tgz. Extracting by manifest.
2757 silly tarball no local data for emoji-regex@https://registry.npmjs.org/emoji-regex/-/emoji-regex-8.0.0.tgz. Extracting by manifest.
2758 silly tarball no local data for string-width@https://registry.npmjs.org/string-width/-/string-width-4.2.3.tgz. Extracting by manifest.
2759 silly tarball no local data for ansi-regex@https://registry.npmjs.org/ansi-regex/-/ansi-regex-6.2.2.tgz. Extracting by manifest.
2760 silly tarball no local data for strip-ansi@https://registry.npmjs.org/strip-ansi/-/strip-ansi-7.1.2.tgz. Extracting by manifest.
2761 silly tarball no local data for ansi-styles@https://registry.npmjs.org/ansi-styles/-/ansi-styles-6.2.3.tgz. Extracting by manifest.
2762 silly tarball no local data for emoji-regex@https://registry.npmjs.org/emoji-regex/-/emoji-regex-8.0.0.tgz. Extracting by manifest.
2763 silly tarball no local data for strip-ansi@https://registry.npmjs.org/strip-ansi/-/strip-ansi-7.1.2.tgz. Extracting by manifest.
2764 silly tarball no local data for ansi-regex@https://registry.npmjs.org/ansi-regex/-/ansi-regex-6.2.2.tgz. Extracting by manifest.
2765 silly tarball no local data for ansi-regex@https://registry.npmjs.org/ansi-regex/-/ansi-regex-6.2.2.tgz. Extracting by manifest.
2766 silly tarball no local data for strip-ansi@https://registry.npmjs.org/strip-ansi/-/strip-ansi-7.1.2.tgz. Extracting by manifest.
2767 silly tarball no local data for glob-parent@https://registry.npmjs.org/glob-parent/-/glob-parent-5.1.2.tgz. Extracting by manifest.
2768 silly tarball no local data for debug@https://registry.npmjs.org/debug/-/debug-3.2.7.tgz. Extracting by manifest.
2769 silly tarball no local data for glob@https://registry.npmjs.org/glob/-/glob-7.2.3.tgz. Extracting by manifest.
2770 silly tarball no local data for picomatch@https://registry.npmjs.org/picomatch/-/picomatch-4.0.3.tgz. Extracting by manifest.
2771 silly tarball no local data for fdir@https://registry.npmjs.org/fdir/-/fdir-6.5.0.tgz. Extracting by manifest.
2772 silly tarball no local data for brace-expansion@https://registry.npmjs.org/brace-expansion/-/brace-expansion-2.0.2.tgz. Extracting by manifest.
2773 silly tarball no local data for minimatch@https://registry.npmjs.org/minimatch/-/minimatch-9.0.5.tgz. Extracting by manifest.
2774 silly tarball no local data for minimatch@https://registry.npmjs.org/minimatch/-/minimatch-9.0.3.tgz. Extracting by manifest.
2775 silly tarball no local data for semver@https://registry.npmjs.org/semver/-/semver-6.3.1.tgz. Extracting by manifest.
2776 silly tarball no local data for brace-expansion@https://registry.npmjs.org/brace-expansion/-/brace-expansion-2.0.2.tgz. Extracting by manifest.
2777 silly tarball no local data for resolve@https://registry.npmjs.org/resolve/-/resolve-2.0.0-next.6.tgz. Extracting by manifest.
2778 silly tarball no local data for doctrine@https://registry.npmjs.org/doctrine/-/doctrine-2.1.0.tgz. Extracting by manifest.
2779 silly tarball no local data for semver@https://registry.npmjs.org/semver/-/semver-6.3.1.tgz. Extracting by manifest.
2780 silly tarball no local data for debug@https://registry.npmjs.org/debug/-/debug-3.2.7.tgz. Extracting by manifest.
2781 silly tarball no local data for doctrine@https://registry.npmjs.org/doctrine/-/doctrine-2.1.0.tgz. Extracting by manifest.
2782 silly tarball no local data for debug@https://registry.npmjs.org/debug/-/debug-3.2.7.tgz. Extracting by manifest.
2783 http fetch POST 200 https://registry.npmjs.org/-/npm/v1/security/advisories/bulk 378ms
2784 silly audit report {
2784 silly audit report   next: [
2784 silly audit report     {
2784 silly audit report       id: 1099638,
2784 silly audit report       url: 'https://github.com/advisories/GHSA-gp8f-8m3g-qvj9',
2784 silly audit report       title: 'Next.js Cache Poisoning',
2784 silly audit report       severity: 'high',
2784 silly audit report       vulnerable_versions: '>=14.0.0 <14.2.10',
2784 silly audit report       cwe: [Array],
2784 silly audit report       cvss: [Object]
2784 silly audit report     },
2784 silly audit report     {
2784 silly audit report       id: 1100421,
2784 silly audit report       url: 'https://github.com/advisories/GHSA-g77x-44xx-532m',
2784 silly audit report       title: 'Denial of Service condition in Next.js image optimization',
2784 silly audit report       severity: 'moderate',
2784 silly audit report       vulnerable_versions: '>=10.0.0 <14.2.7',
2784 silly audit report       cwe: [Array],
2784 silly audit report       cvss: [Object]
2784 silly audit report     },
2784 silly audit report     {
2784 silly audit report       id: 1101438,
2784 silly audit report       url: 'https://github.com/advisories/GHSA-7m27-7ghc-44w9',
2784 silly audit report       title: 'Next.js Allows a Denial of Service (DoS) with Server Actions',
2784 silly audit report       severity: 'moderate',
2784 silly audit report       vulnerable_versions: '>=14.0.0 <14.2.21',
2784 silly audit report       cwe: [Array],
2784 silly audit report       cvss: [Object]
2784 silly audit report     },
2784 silly audit report     {
2784 silly audit report       id: 1105461,
2784 silly audit report       url: 'https://github.com/advisories/GHSA-3h52-269p-cp9r',
2784 silly audit report       title: 'Information exposure in Next.js dev server due to lack of origin verification',
2784 silly audit report       severity: 'low',
2784 silly audit report       vulnerable_versions: '>=13.0 <14.2.30',
2784 silly audit report       cwe: [Array],
2784 silly audit report       cvss: [Object]
2784 silly audit report     },
2784 silly audit report     {
2784 silly audit report       id: 1111391,
2784 silly audit report       url: 'https://github.com/advisories/GHSA-mwv6-3258-q52c',
2784 silly audit report       title: 'Next Vulnerable to Denial of Service with Server Components',
2784 silly audit report       severity: 'high',
2784 silly audit report       vulnerable_versions: '>=13.3.0 <14.2.34',
2784 silly audit report       cwe: [Array],
2784 silly audit report       cvss: [Object]
2784 silly audit report     },
2784 silly audit report     {
2784 silly audit report       id: 1107226,
2784 silly audit report       url: 'https://github.com/advisories/GHSA-g5qg-72qw-gw5v',
2784 silly audit report       title: 'Next.js Affected by Cache Key Confusion for Image Optimization API Routes',
2784 silly audit report       severity: 'moderate',
2784 silly audit report       vulnerable_versions: '>=0.9.9 <14.2.31',
2784 silly audit report       cwe: [Array],
2784 silly audit report       cvss: [Object]
2784 silly audit report     },
2784 silly audit report     {
2784 silly audit report       id: 1107420,
2784 silly audit report       url: 'https://github.com/advisories/GHSA-7gfc-8cq8-jh5f',
2784 silly audit report       title: 'Next.js authorization bypass vulnerability',
2784 silly audit report       severity: 'high',
2784 silly audit report       vulnerable_versions: '>=9.5.5 <14.2.15',
2784 silly audit report       cwe: [Array],
2784 silly audit report       cvss: [Object]
2784 silly audit report     },
2784 silly audit report     {
2784 silly audit report       id: 1107512,
2784 silly audit report       url: 'https://github.com/advisories/GHSA-4342-x723-ch2f',
2784 silly audit report       title: 'Next.js Improper Middleware Redirect Handling Leads to SSRF',
2784 silly audit report       severity: 'moderate',
2784 silly audit report       vulnerable_versions: '>=0.9.9 <14.2.32',
2784 silly audit report       cwe: [Array],
2784 silly audit report       cvss: [Object]
2784 silly audit report     },
2784 silly audit report     {
2784 silly audit report       id: 1107513,
2784 silly audit report       url: 'https://github.com/advisories/GHSA-xv57-4mr9-wg8v',
2784 silly audit report       title: 'Next.js Content Injection Vulnerability for Image Optimization',
2784 silly audit report       severity: 'moderate',
2784 silly audit report       vulnerable_versions: '>=0.9.9 <14.2.31',
2784 silly audit report       cwe: [Array],
2784 silly audit report       cvss: [Object]
2784 silly audit report     },
2784 silly audit report     {
2784 silly audit report       id: 1112182,
2784 silly audit report       url: 'https://github.com/advisories/GHSA-5j59-xgg2-r9c4',
2784 silly audit report       title: 'Next has a Denial of Service with Server Components - Incomplete Fix Follow-Up',
2784 silly audit report       severity: 'high',
2784 silly audit report       vulnerable_versions: '>=13.3.1-canary.0 <14.2.35',
2784 silly audit report       cwe: [Array],
2784 silly audit report       cvss: [Object]
2784 silly audit report     },
2784 silly audit report     {
2784 silly audit report       id: 1108291,
2784 silly audit report       url: 'https://github.com/advisories/GHSA-qpjv-v59x-3qc4',
2784 silly audit report       title: 'Next.js Race Condition to Cache Poisoning',
2784 silly audit report       severity: 'low',
2784 silly audit report       vulnerable_versions: '>=0.9.9 <14.2.24',
2784 silly audit report       cwe: [Array],
2784 silly audit report       cvss: [Object]
2784 silly audit report     },
2784 silly audit report     {
2784 silly audit report       id: 1108953,
2784 silly audit report       url: 'https://github.com/advisories/GHSA-f82v-jwr5-mffw',
2784 silly audit report       title: 'Authorization Bypass in Next.js Middleware',
2784 silly audit report       severity: 'critical',
2784 silly audit report       vulnerable_versions: '>=14.0.0 <14.2.25',
2784 silly audit report       cwe: [Array],
2784 silly audit report       cvss: [Object]
2784 silly audit report     },
2784 silly audit report     {
2784 silly audit report       id: 1112593,
2784 silly audit report       url: 'https://github.com/advisories/GHSA-9g9p-9gw9-jx7f',
2784 silly audit report       title: 'Next.js self-hosted applications vulnerable to DoS via Image Optimizer remotePatterns configuration',
2784 silly audit report       severity: 'moderate',
2784 silly audit report       vulnerable_versions: '>=10.0.0 <15.5.10',
2784 silly audit report       cwe: [Array],
2784 silly audit report       cvss: [Object]
2784 silly audit report     },
2784 silly audit report     {
2784 silly audit report       id: 1112653,
2784 silly audit report       url: 'https://github.com/advisories/GHSA-h25m-26qc-wcjf',
2784 silly audit report       title: 'Next.js HTTP request deserialization can lead to DoS when using insecure React Server Components',
2784 silly audit report       severity: 'high',
2784 silly audit report       vulnerable_versions: '>=13.0.0 <15.0.8',
2784 silly audit report       cwe: [Array],
2784 silly audit report       cvss: [Object]
2784 silly audit report     }
2784 silly audit report   ],
2784 silly audit report   ajv: [
2784 silly audit report     {
2784 silly audit report       id: 1113214,
2784 silly audit report       url: 'https://github.com/advisories/GHSA-2g4f-4pwh-qvx6',
2784 silly audit report       title: 'ajv has ReDoS when using `$data` option',
2784 silly audit report       severity: 'moderate',
2784 silly audit report       vulnerable_versions: '<8.18.0',
2784 silly audit report       cwe: [Array],
2784 silly audit report       cvss: [Object]
2784 silly audit report     }
2784 silly audit report   ],
2784 silly audit report   glob: [
2784 silly audit report     {
2784 silly audit report       id: 1109842,
2784 silly audit report       url: 'https://github.com/advisories/GHSA-5j98-mcp5-4vw2',
2784 silly audit report       title: 'glob CLI: Command injection via -c/--cmd executes matches with shell:true',
2784 silly audit report       severity: 'high',
2784 silly audit report       vulnerable_versions: '>=10.2.0 <10.5.0',
2784 silly audit report       cwe: [Array],
2784 silly audit report       cvss: [Object]
2784 silly audit report     }
2784 silly audit report   ]
2784 silly audit report }
2785 silly packumentCache corgi:https://registry.npmjs.org/next cache-miss
2786 silly packumentCache corgi:https://registry.npmjs.org/ajv cache-miss
2787 silly packumentCache corgi:https://registry.npmjs.org/glob cache-miss
2788 http fetch GET 200 https://registry.npmjs.org/once/-/once-1.4.0.tgz 275ms (cache miss)
2789 http fetch GET 200 https://registry.npmjs.org/wrappy/-/wrappy-1.0.2.tgz 274ms (cache miss)
2790 http fetch GET 200 https://registry.npmjs.org/inflight/-/inflight-1.0.6.tgz 274ms (cache miss)
2791 warn deprecated inflight@1.0.6: This module is not supported, and leaks memory. Do not use it. Check out lru-cache if you want a good and tested way to coalesce async requests by a key value, which is much more comprehensive and powerful.
2792 http fetch GET 200 https://registry.npmjs.org/path-is-absolute/-/path-is-absolute-1.0.1.tgz 277ms (cache miss)
2793 http fetch GET 200 https://registry.npmjs.org/fs.realpath/-/fs.realpath-1.0.0.tgz 275ms (cache miss)
2794 http fetch GET 200 https://registry.npmjs.org/inherits/-/inherits-2.0.4.tgz 277ms (cache miss)
2795 http fetch GET 200 https://registry.npmjs.org/is-async-function/-/is-async-function-2.1.1.tgz 290ms (cache miss)
2796 http fetch GET 200 https://registry.npmjs.org/is-finalizationregistry/-/is-finalizationregistry-1.1.1.tgz 293ms (cache miss)
2797 http fetch GET 200 https://registry.npmjs.org/is-number-object/-/is-number-object-1.1.1.tgz 299ms (cache miss)
2798 http fetch GET 200 https://registry.npmjs.org/is-boolean-object/-/is-boolean-object-1.2.2.tgz 302ms (cache miss)
2799 http fetch GET 200 https://registry.npmjs.org/is-bigint/-/is-bigint-1.1.0.tgz 304ms (cache miss)
2800 http fetch GET 200 https://registry.npmjs.org/punycode/-/punycode-2.3.1.tgz 316ms (cache miss)
2801 http fetch GET 200 https://registry.npmjs.org/isexe/-/isexe-2.0.0.tgz 341ms (cache miss)
2802 http fetch GET 200 https://registry.npmjs.org/@emnapi/wasi-threads/-/wasi-threads-1.1.0.tgz 352ms (cache miss)
2803 http fetch GET 200 https://registry.npmjs.org/@emnapi/runtime/-/runtime-1.8.1.tgz 354ms (cache miss)
2804 http fetch GET 200 https://registry.npmjs.org/generator-function/-/generator-function-2.0.1.tgz 507ms (cache miss)
2805 http fetch GET 200 https://registry.npmjs.org/napi-postinstall/-/napi-postinstall-0.3.4.tgz 522ms (cache miss)
2806 http fetch GET 200 https://registry.npmjs.org/has-bigints/-/has-bigints-1.1.0.tgz 535ms (cache miss)
2807 http fetch GET 200 https://registry.npmjs.org/which-boxed-primitive/-/which-boxed-primitive-1.1.1.tgz 575ms (cache miss)
2808 http fetch GET 200 https://registry.npmjs.org/reflect.getprototypeof/-/reflect.getprototypeof-1.0.10.tgz 590ms (cache miss)
2809 http fetch GET 200 https://registry.npmjs.org/is-weakset/-/is-weakset-2.0.4.tgz 610ms (cache miss)
2810 http fetch GET 200 https://registry.npmjs.org/is-map/-/is-map-2.0.3.tgz 609ms (cache miss)
2811 http fetch GET 200 https://registry.npmjs.org/strip-bom/-/strip-bom-3.0.0.tgz 606ms (cache miss)
2812 http fetch GET 200 https://registry.npmjs.org/@types/json5/-/json5-0.0.29.tgz 624ms (cache miss)
2813 http fetch GET 200 https://registry.npmjs.org/has-flag/-/has-flag-4.0.0.tgz 632ms (cache miss)
2814 http fetch GET 200 https://registry.npmjs.org/is-generator-function/-/is-generator-function-1.1.2.tgz 651ms (cache miss)
2815 http fetch GET 200 https://registry.npmjs.org/is-number/-/is-number-7.0.0.tgz 642ms (cache miss)
2816 http fetch GET 200 https://registry.npmjs.org/side-channel-weakmap/-/side-channel-weakmap-1.0.2.tgz 646ms (cache miss)
2817 http fetch GET 200 https://registry.npmjs.org/client-only/-/client-only-0.0.1.tgz 659ms (cache miss)
2818 http fetch GET 200 https://registry.npmjs.org/which-collection/-/which-collection-1.0.2.tgz 678ms (cache miss)
2819 http fetch GET 200 https://registry.npmjs.org/ansi-regex/-/ansi-regex-5.0.1.tgz 672ms (cache miss)
2820 http fetch GET 200 https://registry.npmjs.org/eastasianwidth/-/eastasianwidth-0.2.0.tgz 673ms (cache miss)
2821 http fetch GET 200 https://registry.npmjs.org/side-channel-list/-/side-channel-list-1.0.0.tgz 671ms (cache miss)
2822 http fetch GET 200 https://registry.npmjs.org/async-function/-/async-function-1.0.0.tgz 690ms (cache miss)
2823 http fetch GET 200 https://registry.npmjs.org/shebang-regex/-/shebang-regex-3.0.0.tgz 677ms (cache miss)
2824 http fetch GET 200 https://registry.npmjs.org/is-fullwidth-code-point/-/is-fullwidth-code-point-3.0.0.tgz 682ms (cache miss)
2825 http fetch GET 200 https://registry.npmjs.org/json5/-/json5-1.0.2.tgz 691ms (cache miss)
2826 http fetch GET 200 https://registry.npmjs.org/which-builtin-type/-/which-builtin-type-1.2.1.tgz 694ms (cache miss)
2827 http fetch GET 200 https://registry.npmjs.org/side-channel-map/-/side-channel-map-1.0.1.tgz 695ms (cache miss)
2828 http fetch GET 200 https://registry.npmjs.org/for-each/-/for-each-0.3.5.tgz 700ms (cache miss)
2829 http fetch GET 200 https://registry.npmjs.org/supports-preserve-symlinks-flag/-/supports-preserve-symlinks-flag-1.0.0.tgz 702ms (cache miss)
2830 http fetch GET 200 https://registry.npmjs.org/path-parse/-/path-parse-1.0.7.tgz 702ms (cache miss)
2831 http fetch GET 200 https://registry.npmjs.org/isarray/-/isarray-2.0.5.tgz 706ms (cache miss)
2832 http fetch GET 200 https://registry.npmjs.org/queue-microtask/-/queue-microtask-1.2.3.tgz 706ms (cache miss)
2833 http fetch GET 200 https://registry.npmjs.org/callsites/-/callsites-3.1.0.tgz 703ms (cache miss)
2834 http fetch GET 200 https://registry.npmjs.org/react-is/-/react-is-16.13.1.tgz 705ms (cache miss)
2835 http fetch GET 200 https://registry.npmjs.org/js-tokens/-/js-tokens-4.0.0.tgz 707ms (cache miss)
2836 http fetch GET 200 https://registry.npmjs.org/p-limit/-/p-limit-3.1.0.tgz 720ms (cache miss)
2837 http fetch GET 200 https://registry.npmjs.org/loose-envify/-/loose-envify-1.4.0.tgz 725ms (cache miss)
2838 http fetch GET 200 https://registry.npmjs.org/yocto-queue/-/yocto-queue-0.1.0.tgz 733ms (cache miss)
2839 http fetch GET 200 https://registry.npmjs.org/object-assign/-/object-assign-4.1.1.tgz 742ms (cache miss)
2840 http fetch GET 200 https://registry.npmjs.org/streamsearch/-/streamsearch-1.1.0.tgz 740ms (cache miss)
2841 http fetch GET 200 https://registry.npmjs.org/picocolors/-/picocolors-1.1.1.tgz 743ms (cache miss)
2842 http fetch GET 200 https://registry.npmjs.org/deep-is/-/deep-is-0.1.4.tgz 747ms (cache miss)
2843 http fetch GET 200 https://registry.npmjs.org/word-wrap/-/word-wrap-1.2.5.tgz 751ms (cache miss)
2844 http fetch GET 200 https://registry.npmjs.org/fast-levenshtein/-/fast-levenshtein-2.0.6.tgz 758ms (cache miss)
2845 http fetch GET 200 https://registry.npmjs.org/node-exports-info/-/node-exports-info-1.6.0.tgz 795ms (cache miss)
2846 http fetch GET 200 https://registry.npmjs.org/@swc/counter/-/counter-0.1.3.tgz 774ms (cache miss)
2847 http fetch GET 200 https://registry.npmjs.org/tslib/-/tslib-2.8.1.tgz 777ms (cache miss)
2848 http fetch GET 200 https://registry.npmjs.org/concat-map/-/concat-map-0.0.1.tgz 774ms (cache miss)
2849 http fetch GET 200 https://registry.npmjs.org/brace-expansion/-/brace-expansion-1.1.12.tgz 781ms (cache miss)
2850 http fetch GET 200 https://registry.npmjs.org/minimist/-/minimist-1.2.8.tgz 810ms (cache miss)
2851 http fetch GET 200 https://registry.npmjs.org/graceful-fs/-/graceful-fs-4.2.11.tgz 796ms (cache miss)
2852 http fetch GET 200 https://registry.npmjs.org/balanced-match/-/balanced-match-1.0.2.tgz 807ms (cache miss)
2853 http fetch GET 200 https://registry.npmjs.org/nanoid/-/nanoid-3.3.11.tgz 817ms (cache miss)
2854 http fetch GET 200 https://registry.npmjs.org/to-regex-range/-/to-regex-range-5.0.1.tgz 814ms (cache miss)
2855 http fetch GET 200 https://registry.npmjs.org/type-check/-/type-check-0.4.0.tgz 813ms (cache miss)
2856 http fetch GET 200 https://registry.npmjs.org/fill-range/-/fill-range-7.1.1.tgz 816ms (cache miss)
2857 http fetch GET 200 https://registry.npmjs.org/scheduler/-/scheduler-0.23.2.tgz 829ms (cache miss)
2858 http fetch GET 200 https://registry.npmjs.org/is-weakmap/-/is-weakmap-2.0.2.tgz 850ms (cache miss)
2859 http fetch GET 200 https://registry.npmjs.org/p-locate/-/p-locate-5.0.0.tgz 819ms (cache miss)
2860 http fetch GET 200 https://registry.npmjs.org/prelude-ls/-/prelude-ls-1.2.1.tgz 823ms (cache miss)
2861 http fetch GET 200 https://registry.npmjs.org/braces/-/braces-3.0.3.tgz 829ms (cache miss)
2862 http fetch GET 200 https://registry.npmjs.org/strip-ansi/-/strip-ansi-6.0.1.tgz 828ms (cache miss)
2863 http fetch GET 200 https://registry.npmjs.org/string-width/-/string-width-4.2.3.tgz 830ms (cache miss)
2864 http fetch GET 200 https://registry.npmjs.org/json-buffer/-/json-buffer-3.0.1.tgz 831ms (cache miss)
2865 http fetch GET 200 https://registry.npmjs.org/wrap-ansi/-/wrap-ansi-8.1.0.tgz 842ms (cache miss)
2866 http fetch GET 200 https://registry.npmjs.org/@emnapi/core/-/core-1.8.1.tgz 868ms (cache miss)
2867 http fetch GET 200 https://registry.npmjs.org/wrap-ansi/-/wrap-ansi-7.0.0.tgz 845ms (cache miss)
2868 http fetch GET 200 https://registry.npmjs.org/busboy/-/busboy-1.6.0.tgz 853ms (cache miss)
2869 http fetch GET 200 https://registry.npmjs.org/picomatch/-/picomatch-2.3.1.tgz 862ms (cache miss)
2870 http fetch GET 200 https://registry.npmjs.org/string-width/-/string-width-5.1.2.tgz 859ms (cache miss)
2871 http fetch GET 200 https://registry.npmjs.org/set-function-name/-/set-function-name-2.0.2.tgz 863ms (cache miss)
2872 http fetch GET 200 https://registry.npmjs.org/source-map-js/-/source-map-js-1.2.1.tgz 889ms (cache miss)
2873 http fetch GET 200 https://registry.npmjs.org/@isaacs/cliui/-/cliui-8.0.2.tgz 887ms (cache miss)
2874 http fetch GET 200 https://registry.npmjs.org/resolve-from/-/resolve-from-4.0.0.tgz 910ms (cache miss)
2875 http fetch GET 200 https://registry.npmjs.org/is-extglob/-/is-extglob-2.1.1.tgz 912ms (cache miss)
2876 http fetch GET 200 https://registry.npmjs.org/micromatch/-/micromatch-4.0.8.tgz 915ms (cache miss)
2877 http fetch GET 200 https://registry.npmjs.org/parent-module/-/parent-module-1.0.1.tgz 923ms (cache miss)
2878 http fetch GET 200 https://registry.npmjs.org/path-type/-/path-type-4.0.0.tgz 925ms (cache miss)
2879 http fetch GET 200 https://registry.npmjs.org/slash/-/slash-3.0.0.tgz 934ms (cache miss)
2880 http fetch GET 200 https://registry.npmjs.org/@next/env/-/env-14.2.5.tgz 968ms (cache miss)
2881 http fetch GET 200 https://registry.npmjs.org/dir-glob/-/dir-glob-3.0.1.tgz 958ms (cache miss)
2882 http fetch GET 200 https://registry.npmjs.org/array-union/-/array-union-2.1.0.tgz 958ms (cache miss)
2883 http fetch GET 200 https://registry.npmjs.org/argparse/-/argparse-2.0.1.tgz 966ms (cache miss)
2884 http fetch GET 200 https://registry.npmjs.org/@tybys/wasm-util/-/wasm-util-0.10.1.tgz 993ms (cache miss)
2885 http fetch GET 200 https://registry.npmjs.org/merge2/-/merge2-1.4.1.tgz 961ms (cache miss)
2886 http fetch GET 200 https://registry.npmjs.org/side-channel/-/side-channel-1.1.0.tgz 964ms (cache miss)
2887 http fetch GET 200 https://registry.npmjs.org/dunder-proto/-/dunder-proto-1.0.1.tgz 979ms (cache miss)
2888 http fetch GET 200 https://registry.npmjs.org/flatted/-/flatted-3.3.3.tgz 995ms (cache miss)
2889 http fetch GET 200 https://registry.npmjs.org/functions-have-names/-/functions-have-names-1.2.3.tgz 1009ms (cache miss)
2890 http fetch GET 200 https://registry.npmjs.org/locate-path/-/locate-path-6.0.0.tgz 1008ms (cache miss)
2891 http fetch GET 200 https://registry.npmjs.org/resolve-pkg-maps/-/resolve-pkg-maps-1.0.0.tgz 1014ms (cache miss)
2892 http fetch GET 200 https://registry.npmjs.org/flat-cache/-/flat-cache-3.2.0.tgz 1015ms (cache miss)
2893 http fetch GET 200 https://registry.npmjs.org/postcss/-/postcss-8.4.31.tgz 1062ms (cache miss)
2894 http fetch GET 200 https://registry.npmjs.org/keyv/-/keyv-4.5.4.tgz 1045ms (cache miss)
2895 http fetch GET 200 https://registry.npmjs.org/rimraf/-/rimraf-3.0.2.tgz 1052ms (cache miss)
2896 warn deprecated rimraf@3.0.2: Rimraf versions prior to v4 are no longer supported
2897 http fetch GET 200 https://registry.npmjs.org/acorn-jsx/-/acorn-jsx-5.3.2.tgz 1051ms (cache miss)
2898 http fetch GET 200 https://registry.npmjs.org/path-exists/-/path-exists-4.0.0.tgz 1073ms (cache miss)
2899 http fetch GET 200 https://registry.npmjs.org/iterator.prototype/-/iterator.prototype-1.1.5.tgz 1083ms (cache miss)
2900 http fetch GET 200 https://registry.npmjs.org/esrecurse/-/esrecurse-4.3.0.tgz 1091ms (cache miss)
2901 http fetch GET 200 https://registry.npmjs.org/minipass/-/minipass-7.1.2.tgz 1097ms (cache miss)
2902 http fetch GET 200 https://registry.npmjs.org/object.entries/-/object.entries-1.1.9.tgz 1089ms (cache miss)
2903 http fetch GET 200 https://registry.npmjs.org/signal-exit/-/signal-exit-4.1.0.tgz 1101ms (cache miss)
2904 http fetch GET 200 https://registry.npmjs.org/reusify/-/reusify-1.1.0.tgz 1102ms (cache miss)
2905 http fetch GET 200 https://registry.npmjs.org/string.prototype.matchall/-/string.prototype.matchall-4.0.12.tgz 1101ms (cache miss)
2906 http fetch GET 200 https://registry.npmjs.org/lru-cache/-/lru-cache-10.4.3.tgz 1130ms (cache miss)
2907 http fetch GET 200 https://registry.npmjs.org/string.prototype.repeat/-/string.prototype.repeat-1.0.0.tgz 1110ms (cache miss)
2908 http fetch GET 200 https://registry.npmjs.org/foreground-child/-/foreground-child-3.3.1.tgz 1116ms (cache miss)
2909 http fetch GET 200 https://registry.npmjs.org/prop-types/-/prop-types-15.8.1.tgz 1111ms (cache miss)
2910 http fetch GET 200 https://registry.npmjs.org/type-fest/-/type-fest-0.20.2.tgz 1120ms (cache miss)
2911 http fetch GET 200 https://registry.npmjs.org/jackspeak/-/jackspeak-2.3.6.tgz 1120ms (cache miss)
2912 http fetch GET 200 https://registry.npmjs.org/estraverse/-/estraverse-5.3.0.tgz 1119ms (cache miss)
2913 http fetch GET 200 https://registry.npmjs.org/@unrs/resolver-binding-darwin-x64/-/resolver-binding-darwin-x64-1.11.1.tgz 1171ms (cache miss)
2914 http fetch GET 200 https://registry.npmjs.org/styled-jsx/-/styled-jsx-5.1.1.tgz 1155ms (cache miss)
2915 http fetch GET 200 https://registry.npmjs.org/ast-types-flow/-/ast-types-flow-0.0.8.tgz 1128ms (cache miss)
2916 http fetch GET 200 https://registry.npmjs.org/@pkgjs/parseargs/-/parseargs-0.11.0.tgz 1148ms (cache miss)
2917 http fetch GET 200 https://registry.npmjs.org/array.prototype.tosorted/-/array.prototype.tosorted-1.1.4.tgz 1132ms (cache miss)
2918 http fetch GET 200 https://registry.npmjs.org/path-scurry/-/path-scurry-1.11.1.tgz 1146ms (cache miss)
2919 http fetch GET 200 https://registry.npmjs.org/array.prototype.findlast/-/array.prototype.findlast-1.2.5.tgz 1138ms (cache miss)
2920 http fetch GET 200 https://registry.npmjs.org/string.prototype.includes/-/string.prototype.includes-2.0.1.tgz 1140ms (cache miss)
2921 http fetch GET 200 https://registry.npmjs.org/language-subtag-registry/-/language-subtag-registry-0.3.23.tgz 1168ms (cache miss)
2922 http fetch GET 200 https://registry.npmjs.org/acorn/-/acorn-8.15.0.tgz 1157ms (cache miss)
2923 http fetch GET 200 https://registry.npmjs.org/fast-glob/-/fast-glob-3.3.3.tgz 1164ms (cache miss)
2924 http fetch GET 200 https://registry.npmjs.org/language-tags/-/language-tags-1.0.9.tgz 1154ms (cache miss)
2925 http fetch GET 200 https://registry.npmjs.org/damerau-levenshtein/-/damerau-levenshtein-1.0.8.tgz 1156ms (cache miss)
2926 http fetch GET 200 https://registry.npmjs.org/emoji-regex/-/emoji-regex-9.2.2.tgz 1161ms (cache miss)
2927 http fetch GET 200 https://registry.npmjs.org/is-symbol/-/is-symbol-1.1.1.tgz 1189ms (cache miss)
2928 http fetch GET 200 https://registry.npmjs.org/jsx-ast-utils/-/jsx-ast-utils-3.3.5.tgz 1272ms (cache miss)
2929 http fetch GET 200 https://registry.npmjs.org/is-date-object/-/is-date-object-1.1.0.tgz 1289ms (cache miss)
2930 http fetch GET 200 https://registry.npmjs.org/has-tostringtag/-/has-tostringtag-1.0.2.tgz 1301ms (cache miss)
2931 http fetch GET 200 https://registry.npmjs.org/typed-array-byte-offset/-/typed-array-byte-offset-1.0.4.tgz 1328ms (cache miss)
2932 http fetch GET 200 https://registry.npmjs.org/typed-array-length/-/typed-array-length-1.0.7.tgz 1333ms (cache miss)
2933 http fetch GET 200 https://registry.npmjs.org/possible-typed-array-names/-/possible-typed-array-names-1.1.0.tgz 1338ms (cache miss)
2934 http fetch GET 200 https://registry.npmjs.org/unbox-primitive/-/unbox-primitive-1.1.0.tgz 1380ms (cache miss)
2935 http fetch GET 200 https://registry.npmjs.org/which-typed-array/-/which-typed-array-1.1.20.tgz 1392ms (cache miss)
2936 http fetch GET 200 https://registry.npmjs.org/typed-array-buffer/-/typed-array-buffer-1.0.3.tgz 1393ms (cache miss)
2937 http fetch GET 200 https://registry.npmjs.org/es-iterator-helpers/-/es-iterator-helpers-1.2.2.tgz 1409ms (cache miss)
2938 http fetch GET 200 https://registry.npmjs.org/typed-array-byte-length/-/typed-array-byte-length-1.0.3.tgz 1402ms (cache miss)
2939 http fetch GET 200 https://registry.npmjs.org/string.prototype.trimstart/-/string.prototype.trimstart-1.0.8.tgz 1406ms (cache miss)
2940 http fetch GET 200 https://registry.npmjs.org/safe-regex-test/-/safe-regex-test-1.1.0.tgz 1415ms (cache miss)
2941 http fetch GET 200 https://registry.npmjs.org/stop-iteration-iterator/-/stop-iteration-iterator-1.1.0.tgz 1416ms (cache miss)
2942 http fetch GET 200 https://registry.npmjs.org/set-proto/-/set-proto-1.0.0.tgz 1421ms (cache miss)
2943 http fetch GET 200 https://registry.npmjs.org/string.prototype.trim/-/string.prototype.trim-1.2.10.tgz 1424ms (cache miss)
2944 http fetch GET 200 https://registry.npmjs.org/regexp.prototype.flags/-/regexp.prototype.flags-1.5.4.tgz 1446ms (cache miss)
2945 http fetch GET 200 https://registry.npmjs.org/safe-array-concat/-/safe-array-concat-1.1.3.tgz 1449ms (cache miss)
2946 http fetch GET 200 https://registry.npmjs.org/safe-push-apply/-/safe-push-apply-1.0.0.tgz 1454ms (cache miss)
2947 http fetch GET 200 https://registry.npmjs.org/own-keys/-/own-keys-1.0.1.tgz 1459ms (cache miss)
2948 http fetch GET 200 https://registry.npmjs.org/is-typed-array/-/is-typed-array-1.1.15.tgz 1495ms (cache miss)
2949 http fetch GET 200 https://registry.npmjs.org/is-negative-zero/-/is-negative-zero-2.0.3.tgz 1512ms (cache miss)
2950 http fetch GET 200 https://registry.npmjs.org/is-weakref/-/is-weakref-1.1.1.tgz 1523ms (cache miss)
2951 http fetch GET 200 https://registry.npmjs.org/object.assign/-/object.assign-4.1.7.tgz 1523ms (cache miss)
2952 http fetch GET 200 https://registry.npmjs.org/is-regex/-/is-regex-1.2.1.tgz 1524ms (cache miss)
2953 http fetch GET 200 https://registry.npmjs.org/is-array-buffer/-/is-array-buffer-3.0.5.tgz 1534ms (cache miss)
2954 http fetch GET 200 https://registry.npmjs.org/is-shared-array-buffer/-/is-shared-array-buffer-1.0.4.tgz 1539ms (cache miss)
2955 http fetch GET 200 https://registry.npmjs.org/is-set/-/is-set-2.0.3.tgz 1543ms (cache miss)
2956 http fetch GET 200 https://registry.npmjs.org/is-data-view/-/is-data-view-1.0.2.tgz 1555ms (cache miss)
2957 http fetch GET 200 https://registry.npmjs.org/is-callable/-/is-callable-1.2.7.tgz 1558ms (cache miss)
2958 http fetch GET 200 https://registry.npmjs.org/has-proto/-/has-proto-1.2.0.tgz 1565ms (cache miss)
2959 http fetch GET 200 https://registry.npmjs.org/axe-core/-/axe-core-4.11.1.tgz 1589ms (cache miss)
2960 http fetch GET 200 https://registry.npmjs.org/internal-slot/-/internal-slot-1.1.0.tgz 1586ms (cache miss)
2961 http fetch GET 200 https://registry.npmjs.org/has-symbols/-/has-symbols-1.1.0.tgz 1590ms (cache miss)
2962 http fetch GET 200 https://registry.npmjs.org/axobject-query/-/axobject-query-4.1.0.tgz 1604ms (cache miss)
2963 http fetch GET 200 https://registry.npmjs.org/globalthis/-/globalthis-1.0.4.tgz 1592ms (cache miss)
2964 http fetch GET 200 https://registry.npmjs.org/get-symbol-description/-/get-symbol-description-1.1.0.tgz 1594ms (cache miss)
2965 http fetch GET 200 https://registry.npmjs.org/data-view-byte-length/-/data-view-byte-length-1.0.2.tgz 1599ms (cache miss)
2966 http fetch GET 200 https://registry.npmjs.org/data-view-byte-offset/-/data-view-byte-offset-1.0.1.tgz 1603ms (cache miss)
2967 http fetch GET 200 https://registry.npmjs.org/get-proto/-/get-proto-1.0.1.tgz 1606ms (cache miss)
2968 http fetch GET 200 https://registry.npmjs.org/es-to-primitive/-/es-to-primitive-1.3.0.tgz 1611ms (cache miss)
2969 http fetch GET 200 https://registry.npmjs.org/es-set-tostringtag/-/es-set-tostringtag-2.1.0.tgz 1609ms (cache miss)
2970 http fetch GET 200 https://registry.npmjs.org/available-typed-arrays/-/available-typed-arrays-1.0.7.tgz 1616ms (cache miss)
2971 http fetch GET 200 https://registry.npmjs.org/function.prototype.name/-/function.prototype.name-1.1.8.tgz 1618ms (cache miss)
2972 http fetch GET 200 https://registry.npmjs.org/object-inspect/-/object-inspect-1.13.4.tgz 1633ms (cache miss)
2973 http fetch GET 200 https://registry.npmjs.org/gopd/-/gopd-1.2.0.tgz 1627ms (cache miss)
2974 http fetch GET 200 https://registry.npmjs.org/arraybuffer.prototype.slice/-/arraybuffer.prototype.slice-1.0.4.tgz 1628ms (cache miss)
2975 http fetch GET 200 https://registry.npmjs.org/data-view-buffer/-/data-view-buffer-1.0.2.tgz 1630ms (cache miss)
2976 http fetch GET 200 https://registry.npmjs.org/array-buffer-byte-length/-/array-buffer-byte-length-1.0.2.tgz 1631ms (cache miss)
2977 http fetch GET 200 https://registry.npmjs.org/object-keys/-/object-keys-1.1.1.tgz 1637ms (cache miss)
2978 http fetch GET 200 https://registry.npmjs.org/has-property-descriptors/-/has-property-descriptors-1.0.2.tgz 1639ms (cache miss)
2979 http fetch GET 200 https://registry.npmjs.org/define-data-property/-/define-data-property-1.1.4.tgz 1638ms (cache miss)
2980 http fetch GET 200 https://registry.npmjs.org/set-function-length/-/set-function-length-1.2.2.tgz 1641ms (cache miss)
2981 http fetch GET 200 https://registry.npmjs.org/function-bind/-/function-bind-1.1.2.tgz 1644ms (cache miss)
2982 http fetch GET 200 https://registry.npmjs.org/aria-query/-/aria-query-5.3.2.tgz 1664ms (cache miss)
2983 http fetch GET 200 https://registry.npmjs.org/es-define-property/-/es-define-property-1.0.1.tgz 1646ms (cache miss)
2984 http fetch GET 200 https://registry.npmjs.org/call-bind-apply-helpers/-/call-bind-apply-helpers-1.0.2.tgz 1652ms (cache miss)
2985 http fetch GET 200 https://registry.npmjs.org/is-string/-/is-string-1.1.1.tgz 1679ms (cache miss)
2986 http fetch GET 200 https://registry.npmjs.org/es-errors/-/es-errors-1.3.0.tgz 1680ms (cache miss)
2987 http fetch GET 200 https://registry.npmjs.org/define-properties/-/define-properties-1.2.1.tgz 1680ms (cache miss)
2988 http fetch GET 200 https://registry.npmjs.org/get-intrinsic/-/get-intrinsic-1.3.0.tgz 1682ms (cache miss)
2989 http fetch GET 200 https://registry.npmjs.org/es-shim-unscopables/-/es-shim-unscopables-1.1.0.tgz 1689ms (cache miss)
2990 http fetch GET 200 https://registry.npmjs.org/@napi-rs/wasm-runtime/-/wasm-runtime-0.2.12.tgz 1764ms (cache miss)
2991 http fetch GET 200 https://registry.npmjs.org/call-bound/-/call-bound-1.0.4.tgz 1748ms (cache miss)
2992 http fetch GET 200 https://registry.npmjs.org/string.prototype.trimend/-/string.prototype.trimend-1.0.9.tgz 1755ms (cache miss)
2993 http fetch GET 200 https://registry.npmjs.org/math-intrinsics/-/math-intrinsics-1.1.0.tgz 1759ms (cache miss)
2994 http fetch GET 200 https://registry.npmjs.org/call-bind/-/call-bind-1.0.8.tgz 1757ms (cache miss)
2995 http fetch GET 200 https://registry.npmjs.org/es-object-atoms/-/es-object-atoms-1.1.1.tgz 1761ms (cache miss)
2996 http fetch GET 200 https://registry.npmjs.org/object.values/-/object.values-1.2.1.tgz 1805ms (cache miss)
2997 http fetch GET 200 https://registry.npmjs.org/tsconfig-paths/-/tsconfig-paths-3.15.0.tgz 1823ms (cache miss)
2998 http fetch GET 200 https://registry.npmjs.org/hasown/-/hasown-2.0.2.tgz 1836ms (cache miss)
2999 http fetch GET 200 https://registry.npmjs.org/object.fromentries/-/object.fromentries-2.0.8.tgz 1837ms (cache miss)
3000 http fetch GET 200 https://registry.npmjs.org/object.groupby/-/object.groupby-1.0.3.tgz 1858ms (cache miss)
3001 http fetch GET 200 https://registry.npmjs.org/array.prototype.flatmap/-/array.prototype.flatmap-1.3.3.tgz 1860ms (cache miss)
3002 http fetch GET 200 https://registry.npmjs.org/array.prototype.findlastindex/-/array.prototype.findlastindex-1.2.6.tgz 1865ms (cache miss)
3003 http fetch GET 200 https://registry.npmjs.org/array.prototype.flat/-/array.prototype.flat-1.3.3.tgz 1869ms (cache miss)
3004 http fetch GET 200 https://registry.npmjs.org/@rtsao/scc/-/scc-1.1.0.tgz 1869ms (cache miss)
3005 http fetch GET 200 https://registry.npmjs.org/eslint-module-utils/-/eslint-module-utils-2.12.1.tgz 1876ms (cache miss)
3006 http fetch GET 200 https://registry.npmjs.org/tinyglobby/-/tinyglobby-0.2.15.tgz 1873ms (cache miss)
3007 http fetch GET 200 https://registry.npmjs.org/unrs-resolver/-/unrs-resolver-1.11.1.tgz 1877ms (cache miss)
3008 http fetch GET 200 https://registry.npmjs.org/array-includes/-/array-includes-3.1.9.tgz 1880ms (cache miss)
3009 http fetch GET 200 https://registry.npmjs.org/get-tsconfig/-/get-tsconfig-4.13.6.tgz 1893ms (cache miss)
3010 http fetch GET 200 https://registry.npmjs.org/stable-hash/-/stable-hash-0.0.5.tgz 1911ms (cache miss)
3011 http fetch GET 200 https://registry.npmjs.org/is-bun-module/-/is-bun-module-2.0.0.tgz 1911ms (cache miss)
3012 http fetch GET 200 https://registry.npmjs.org/is-core-module/-/is-core-module-2.16.1.tgz 1914ms (cache miss)
3013 http fetch GET 200 https://registry.npmjs.org/@swc/helpers/-/helpers-0.5.5.tgz 1978ms (cache miss)
3014 http fetch GET 200 https://registry.npmjs.org/ts-api-utils/-/ts-api-utils-1.4.3.tgz 1924ms (cache miss)
3015 http fetch GET 200 https://registry.npmjs.org/globby/-/globby-11.1.0.tgz 1960ms (cache miss)
3016 http fetch GET 200 https://registry.npmjs.org/semver/-/semver-7.7.4.tgz 1960ms (cache miss)
3017 http fetch GET 200 https://registry.npmjs.org/eslint-plugin-react-hooks/-/eslint-plugin-react-hooks-5.0.0-canary-7118f5dd7-20230705.tgz 2035ms (cache miss)
3018 http fetch GET 200 https://registry.npmjs.org/eslint-import-resolver-typescript/-/eslint-import-resolver-typescript-3.10.1.tgz 2050ms (cache miss)
3019 http fetch GET 200 https://registry.npmjs.org/resolve/-/resolve-1.22.11.tgz 2084ms (cache miss)
3020 http fetch GET 200 https://registry.npmjs.org/glob/-/glob-10.3.10.tgz 2087ms (cache miss)
3021 warn deprecated glob@10.3.10: Old versions of glob are not supported, and contain widely publicized security vulnerabilities, which have been fixed in the current version. Please update. Support for old versions may be purchased (at exorbitant rates) by contacting i@izs.me
3022 http fetch GET 200 https://registry.npmjs.org/eslint-import-resolver-node/-/eslint-import-resolver-node-0.3.9.tgz 2135ms (cache miss)
3023 http fetch GET 200 https://registry.npmjs.org/@nolyfill/is-core-module/-/is-core-module-1.0.39.tgz 2143ms (cache miss)
3024 http fetch GET 200 https://registry.npmjs.org/caniuse-lite/-/caniuse-lite-1.0.30001770.tgz 2272ms (cache miss)
3025 http fetch GET 200 https://registry.npmjs.org/@next/eslint-plugin-next/-/eslint-plugin-next-14.2.5.tgz 2219ms (cache miss)
3026 http fetch GET 200 https://registry.npmjs.org/ms/-/ms-2.1.3.tgz 2225ms (cache miss)
3027 http fetch GET 200 https://registry.npmjs.org/which/-/which-2.0.2.tgz 2226ms (cache miss)
3028 http fetch GET 200 https://registry.npmjs.org/shebang-command/-/shebang-command-2.0.0.tgz 2227ms (cache miss)
3029 http fetch GET 200 https://registry.npmjs.org/@typescript-eslint/visitor-keys/-/visitor-keys-7.2.0.tgz 2238ms (cache miss)
3030 http fetch GET 200 https://registry.npmjs.org/path-key/-/path-key-3.1.1.tgz 2254ms (cache miss)
3031 http fetch GET 200 https://registry.npmjs.org/color-name/-/color-name-1.1.4.tgz 2291ms (cache miss)
3032 http fetch GET 200 https://registry.npmjs.org/@typescript-eslint/parser/-/parser-7.2.0.tgz 2300ms (cache miss)
3033 http fetch GET 200 https://registry.npmjs.org/@typescript-eslint/types/-/types-7.2.0.tgz 2305ms (cache miss)
3034 http fetch GET 200 https://registry.npmjs.org/color-convert/-/color-convert-2.0.1.tgz 2306ms (cache miss)
3035 http fetch GET 200 https://registry.npmjs.org/ansi-styles/-/ansi-styles-4.3.0.tgz 2357ms (cache miss)
3036 http fetch GET 200 https://registry.npmjs.org/fast-json-stable-stringify/-/fast-json-stable-stringify-2.1.0.tgz 2389ms (cache miss)
3037 http fetch GET 200 https://registry.npmjs.org/json-schema-traverse/-/json-schema-traverse-0.4.1.tgz 2391ms (cache miss)
3038 http fetch GET 200 https://registry.npmjs.org/supports-color/-/supports-color-7.2.0.tgz 2391ms (cache miss)
3039 http fetch GET 200 https://registry.npmjs.org/@nodelib/fs.stat/-/fs.stat-2.0.5.tgz 2391ms (cache miss)
3040 http fetch GET 200 https://registry.npmjs.org/run-parallel/-/run-parallel-1.2.0.tgz 2391ms (cache miss)
3041 http fetch GET 200 https://registry.npmjs.org/import-fresh/-/import-fresh-3.3.1.tgz 2401ms (cache miss)
3042 http fetch GET 200 https://registry.npmjs.org/@nodelib/fs.scandir/-/fs.scandir-2.1.5.tgz 2411ms (cache miss)
3043 http fetch GET 200 https://registry.npmjs.org/@humanwhocodes/object-schema/-/object-schema-2.0.3.tgz 2410ms (cache miss)
3044 warn deprecated @humanwhocodes/object-schema@2.0.3: Use @eslint/object-schema instead
3045 http fetch GET 200 https://registry.npmjs.org/strip-json-comments/-/strip-json-comments-3.1.1.tgz 2417ms (cache miss)
3046 http fetch GET 200 https://registry.npmjs.org/fastq/-/fastq-1.20.1.tgz 2418ms (cache miss)
3047 http fetch GET 200 https://registry.npmjs.org/strip-ansi/-/strip-ansi-6.0.1.tgz 2439ms (cache miss)
3048 http fetch GET 200 https://registry.npmjs.org/optionator/-/optionator-0.9.4.tgz 2476ms (cache miss)
3049 http fetch GET 200 https://registry.npmjs.org/eslint-plugin-import/-/eslint-plugin-import-2.32.0.tgz 2488ms (cache miss)
3050 http fetch GET 200 https://registry.npmjs.org/natural-compare/-/natural-compare-1.4.0.tgz 2479ms (cache miss)
3051 http fetch GET 200 https://registry.npmjs.org/text-table/-/text-table-0.2.0.tgz 2482ms (cache miss)
3052 http fetch GET 200 https://registry.npmjs.org/json-stable-stringify-without-jsonify/-/json-stable-stringify-without-jsonify-1.0.1.tgz 2491ms (cache miss)
3053 http fetch GET 200 https://registry.npmjs.org/lodash.merge/-/lodash.merge-4.6.2.tgz 2499ms (cache miss)
3054 http fetch GET 200 https://registry.npmjs.org/is-path-inside/-/is-path-inside-3.0.3.tgz 2498ms (cache miss)
3055 http fetch GET 200 https://registry.npmjs.org/minimatch/-/minimatch-3.1.2.tgz 2516ms (cache miss)
3056 http fetch GET 200 https://registry.npmjs.org/imurmurhash/-/imurmurhash-0.1.4.tgz 2513ms (cache miss)
3057 http fetch GET 200 https://registry.npmjs.org/levn/-/levn-0.4.1.tgz 2526ms (cache miss)
3058 http fetch GET 200 https://registry.npmjs.org/is-glob/-/is-glob-4.0.3.tgz 2527ms (cache miss)
3059 http fetch GET 200 https://registry.npmjs.org/ignore/-/ignore-5.3.2.tgz 2543ms (cache miss)
3060 http fetch GET 200 https://registry.npmjs.org/find-up/-/find-up-5.0.0.tgz 2566ms (cache miss)
3061 http fetch GET 200 https://registry.npmjs.org/glob-parent/-/glob-parent-6.0.2.tgz 2567ms (cache miss)
3062 http fetch GET 200 https://registry.npmjs.org/globals/-/globals-13.24.0.tgz 2569ms (cache miss)
3063 http fetch GET 200 https://registry.npmjs.org/@rushstack/eslint-patch/-/eslint-patch-1.15.0.tgz 2600ms (cache miss)
3064 http fetch GET 200 https://registry.npmjs.org/file-entry-cache/-/file-entry-cache-6.0.1.tgz 2588ms (cache miss)
3065 http fetch GET 200 https://registry.npmjs.org/esutils/-/esutils-2.0.3.tgz 2589ms (cache miss)
3066 http fetch GET 200 https://registry.npmjs.org/espree/-/espree-9.6.1.tgz 2605ms (cache miss)
3067 http fetch GET 200 https://registry.npmjs.org/fast-deep-equal/-/fast-deep-equal-3.1.3.tgz 2610ms (cache miss)
3068 http fetch GET 200 https://registry.npmjs.org/debug/-/debug-4.4.3.tgz 2622ms (cache miss)
3069 http fetch GET 200 https://registry.npmjs.org/doctrine/-/doctrine-3.0.0.tgz 2630ms (cache miss)
3070 http fetch GET 200 https://registry.npmjs.org/eslint-scope/-/eslint-scope-7.2.2.tgz 2637ms (cache miss)
3071 http fetch GET 200 https://registry.npmjs.org/uri-js/-/uri-js-4.4.1.tgz 2655ms (cache miss)
3072 http fetch GET 200 https://registry.npmjs.org/eslint-visitor-keys/-/eslint-visitor-keys-3.4.3.tgz 2659ms (cache miss)
3073 http fetch GET 200 https://registry.npmjs.org/js-yaml/-/js-yaml-4.1.1.tgz 2666ms (cache miss)
3074 http fetch GET 200 https://registry.npmjs.org/graphemer/-/graphemer-1.4.0.tgz 2667ms (cache miss)
3075 http fetch GET 200 https://registry.npmjs.org/escape-string-regexp/-/escape-string-regexp-4.0.0.tgz 2664ms (cache miss)
3076 http fetch GET 200 https://registry.npmjs.org/chalk/-/chalk-4.1.2.tgz 2664ms (cache miss)
3077 http fetch GET 200 https://registry.npmjs.org/cross-spawn/-/cross-spawn-7.0.6.tgz 2670ms (cache miss)
3078 http fetch GET 200 https://registry.npmjs.org/@nodelib/fs.walk/-/fs.walk-1.2.8.tgz 2677ms (cache miss)
3079 http fetch GET 200 https://registry.npmjs.org/esquery/-/esquery-1.7.0.tgz 2703ms (cache miss)
3080 http fetch GET 200 https://registry.npmjs.org/@ungap/structured-clone/-/structured-clone-1.3.0.tgz 2708ms (cache miss)
3081 http fetch GET 200 https://registry.npmjs.org/@typescript-eslint/typescript-estree/-/typescript-estree-7.2.0.tgz 2735ms (cache miss)
3082 http fetch GET 200 https://registry.npmjs.org/eslint-plugin-jsx-a11y/-/eslint-plugin-jsx-a11y-6.10.2.tgz 2755ms (cache miss)
3083 http fetch GET 200 https://registry.npmjs.org/eslint-plugin-react/-/eslint-plugin-react-7.37.5.tgz 2775ms (cache miss)
3084 http fetch GET 200 https://registry.npmjs.org/@eslint/js/-/js-8.57.0.tgz 2902ms (cache miss)
3085 http fetch GET 200 https://registry.npmjs.org/csstype/-/csstype-3.2.3.tgz 2960ms (cache miss)
3086 http fetch GET 200 https://registry.npmjs.org/@typescript-eslint/scope-manager/-/scope-manager-7.2.0.tgz 3038ms (cache miss)
3087 http fetch GET 200 https://registry.npmjs.org/@eslint/eslintrc/-/eslintrc-2.1.4.tgz 3062ms (cache miss)
3088 http fetch GET 200 https://registry.npmjs.org/@eslint-community/regexpp/-/regexpp-4.12.2.tgz 3062ms (cache miss)
3089 http fetch GET 200 https://registry.npmjs.org/undici-types/-/undici-types-5.26.5.tgz 3141ms (cache miss)
3090 http fetch GET 200 https://registry.npmjs.org/@types/prop-types/-/prop-types-15.7.15.tgz 3142ms (cache miss)
3091 http fetch GET 200 https://registry.npmjs.org/ajv/-/ajv-6.12.6.tgz 3148ms (cache miss)
3092 http fetch GET 200 https://registry.npmjs.org/react/-/react-18.3.1.tgz 3250ms (cache miss)
3093 http fetch GET 200 https://registry.npmjs.org/@humanwhocodes/module-importer/-/module-importer-1.0.1.tgz 3278ms (cache miss)
3094 http fetch GET 200 https://registry.npmjs.org/@humanwhocodes/config-array/-/config-array-0.11.14.tgz 3290ms (cache miss)
3095 warn deprecated @humanwhocodes/config-array@0.11.14: Use @eslint/config-array instead
3096 http fetch GET 200 https://registry.npmjs.org/eslint-config-next/-/eslint-config-next-14.2.5.tgz 3358ms (cache miss)
3097 http fetch GET 200 https://registry.npmjs.org/semver/-/semver-6.3.1.tgz 3462ms (cache miss)
3098 http fetch GET 200 https://registry.npmjs.org/emoji-regex/-/emoji-regex-8.0.0.tgz 3474ms (cache miss)
3099 http fetch GET 200 https://registry.npmjs.org/string-width/-/string-width-4.2.3.tgz 3478ms (cache miss)
3100 http fetch GET 200 https://registry.npmjs.org/ansi-regex/-/ansi-regex-6.2.2.tgz 3504ms (cache miss)
3101 http fetch GET 200 https://registry.npmjs.org/strip-ansi/-/strip-ansi-7.1.2.tgz 3545ms (cache miss)
3102 http fetch GET 200 https://registry.npmjs.org/@types/react/-/react-18.3.3.tgz 3579ms (cache miss)
3103 http fetch GET 200 https://registry.npmjs.org/ansi-styles/-/ansi-styles-6.2.3.tgz 3605ms (cache miss)
3104 http fetch GET 200 https://registry.npmjs.org/@eslint-community/eslint-utils/-/eslint-utils-4.9.1.tgz 3617ms (cache miss)
3105 http fetch GET 200 https://registry.npmjs.org/emoji-regex/-/emoji-regex-8.0.0.tgz 3687ms (cache miss)
3106 http fetch GET 200 https://registry.npmjs.org/ansi-regex/-/ansi-regex-6.2.2.tgz 3689ms (cache miss)
3107 http fetch GET 200 https://registry.npmjs.org/strip-ansi/-/strip-ansi-7.1.2.tgz 3689ms (cache miss)
3108 http fetch GET 200 https://registry.npmjs.org/@types/react-dom/-/react-dom-18.3.0.tgz 3696ms (cache miss)
3109 http fetch GET 200 https://registry.npmjs.org/ansi-regex/-/ansi-regex-6.2.2.tgz 3718ms (cache miss)
3110 http fetch GET 200 https://registry.npmjs.org/strip-ansi/-/strip-ansi-7.1.2.tgz 3721ms (cache miss)
3111 http fetch GET 200 https://registry.npmjs.org/react-dom/-/react-dom-18.3.1.tgz 3728ms (cache miss)
3112 http fetch GET 200 https://registry.npmjs.org/glob-parent/-/glob-parent-5.1.2.tgz 3734ms (cache miss)
3113 http fetch GET 200 https://registry.npmjs.org/debug/-/debug-3.2.7.tgz 3736ms (cache miss)
3114 http fetch GET 200 https://registry.npmjs.org/@types/node/-/node-20.14.10.tgz 3746ms (cache miss)
3115 http fetch GET 200 https://registry.npmjs.org/picomatch/-/picomatch-4.0.3.tgz 3754ms (cache miss)
3116 http fetch GET 200 https://registry.npmjs.org/glob/-/glob-7.2.3.tgz 3764ms (cache miss)
3117 warn deprecated glob@7.2.3: Old versions of glob are not supported, and contain widely publicized security vulnerabilities, which have been fixed in the current version. Please update. Support for old versions may be purchased (at exorbitant rates) by contacting i@izs.me
3118 http fetch GET 200 https://registry.npmjs.org/fdir/-/fdir-6.5.0.tgz 3768ms (cache miss)
3119 http fetch GET 200 https://registry.npmjs.org/brace-expansion/-/brace-expansion-2.0.2.tgz 3817ms (cache miss)
3120 http fetch GET 200 https://registry.npmjs.org/semver/-/semver-6.3.1.tgz 3836ms (cache miss)
3121 http fetch GET 200 https://registry.npmjs.org/doctrine/-/doctrine-2.1.0.tgz 3858ms (cache miss)
3122 http fetch GET 200 https://registry.npmjs.org/brace-expansion/-/brace-expansion-2.0.2.tgz 3867ms (cache miss)
3123 http fetch GET 200 https://registry.npmjs.org/semver/-/semver-6.3.1.tgz 3882ms (cache miss)
3124 http fetch GET 200 https://registry.npmjs.org/minimatch/-/minimatch-9.0.3.tgz 3923ms (cache miss)
3125 http fetch GET 200 https://registry.npmjs.org/debug/-/debug-3.2.7.tgz 3925ms (cache miss)
3126 http fetch GET 200 https://registry.npmjs.org/doctrine/-/doctrine-2.1.0.tgz 3926ms (cache miss)
3127 http fetch GET 200 https://registry.npmjs.org/minimatch/-/minimatch-9.0.5.tgz 3933ms (cache miss)
3128 http fetch GET 200 https://registry.npmjs.org/debug/-/debug-3.2.7.tgz 3958ms (cache miss)
3129 http fetch GET 200 https://registry.npmjs.org/glob 3853ms (cache miss)
3130 silly packumentCache corgi:https://registry.npmjs.org/glob set size:undefined disposed:false
3131 http fetch GET 200 https://registry.npmjs.org/ajv 3874ms (cache miss)
3132 silly packumentCache corgi:https://registry.npmjs.org/ajv set size:undefined disposed:false
3133 http fetch GET 200 https://registry.npmjs.org/resolve/-/resolve-2.0.0-next.6.tgz 4066ms (cache miss)
3134 http fetch GET 200 https://registry.npmjs.org/eslint/-/eslint-8.57.0.tgz 4159ms (cache miss)
3135 warn deprecated eslint@8.57.0: This version is no longer supported. Please see https://eslint.org/version-support for other options.
3136 http fetch GET 200 https://registry.npmjs.org/es-abstract/-/es-abstract-1.24.1.tgz 4277ms (cache miss)
3137 http fetch GET 200 https://registry.npmjs.org/next 4510ms (cache miss)
3138 silly packumentCache corgi:https://registry.npmjs.org/next set size:undefined disposed:false
3139 silly packumentCache corgi:https://registry.npmjs.org/eslint cache-miss
3140 silly packumentCache corgi:https://registry.npmjs.org/@eslint%2feslintrc cache-miss
3141 http fetch GET 200 https://registry.npmjs.org/@eslint%2feslintrc 110ms (cache miss)
3142 silly packumentCache corgi:https://registry.npmjs.org/@eslint%2feslintrc set size:undefined disposed:false
3143 http fetch GET 200 https://registry.npmjs.org/eslint 155ms (cache miss)
3144 silly packumentCache corgi:https://registry.npmjs.org/eslint set size:undefined disposed:false
3145 silly packumentCache corgi:https://registry.npmjs.org/@next%2feslint-plugin-next cache-miss
3146 http fetch GET 200 https://registry.npmjs.org/typescript/-/typescript-5.5.3.tgz 6892ms (cache miss)
3147 http fetch GET 200 https://registry.npmjs.org/@next%2feslint-plugin-next 381ms (cache miss)
3148 silly packumentCache corgi:https://registry.npmjs.org/@next%2feslint-plugin-next set size:undefined disposed:false
3149 silly packumentCache corgi:https://registry.npmjs.org/eslint-config-next cache-miss
3150 silly packumentCache corgi:https://registry.npmjs.org/@eslint-community%2feslint-utils cache-miss
3151 silly packumentCache corgi:https://registry.npmjs.org/@typescript-eslint%2fparser cache-miss
3152 silly packumentCache corgi:https://registry.npmjs.org/eslint-import-resolver-typescript cache-miss
3153 silly packumentCache corgi:https://registry.npmjs.org/eslint-plugin-import cache-miss
3154 silly packumentCache corgi:https://registry.npmjs.org/eslint-plugin-jsx-a11y cache-miss
3155 silly packumentCache corgi:https://registry.npmjs.org/eslint-plugin-react cache-miss
3156 silly packumentCache corgi:https://registry.npmjs.org/eslint-plugin-react-hooks cache-miss
3157 http fetch GET 200 https://registry.npmjs.org/eslint-plugin-import 94ms (cache miss)
3158 silly packumentCache corgi:https://registry.npmjs.org/eslint-plugin-import set size:undefined disposed:false
3159 http fetch GET 200 https://registry.npmjs.org/@eslint-community%2feslint-utils 402ms (cache miss)
3160 silly packumentCache corgi:https://registry.npmjs.org/@eslint-community%2feslint-utils set size:undefined disposed:false
3161 http fetch GET 200 https://registry.npmjs.org/eslint-plugin-react-hooks 551ms (cache miss)
3162 silly packumentCache corgi:https://registry.npmjs.org/eslint-plugin-react-hooks set size:undefined disposed:false
3163 http fetch GET 200 https://registry.npmjs.org/eslint-import-resolver-typescript 747ms (cache miss)
3164 silly packumentCache corgi:https://registry.npmjs.org/eslint-import-resolver-typescript set size:undefined disposed:false
3165 http fetch GET 200 https://registry.npmjs.org/eslint-config-next 994ms (cache miss)
3166 silly packumentCache corgi:https://registry.npmjs.org/eslint-config-next set size:undefined disposed:false
3167 http fetch GET 200 https://registry.npmjs.org/eslint-plugin-jsx-a11y 1173ms (cache miss)
3168 silly packumentCache corgi:https://registry.npmjs.org/eslint-plugin-jsx-a11y set size:undefined disposed:false
3169 http fetch GET 200 https://registry.npmjs.org/@typescript-eslint%2fparser 1231ms (cache miss)
3170 silly packumentCache corgi:https://registry.npmjs.org/@typescript-eslint%2fparser set size:undefined disposed:false
3171 http fetch GET 200 https://registry.npmjs.org/eslint-plugin-react 1695ms (cache miss)
3172 silly packumentCache corgi:https://registry.npmjs.org/eslint-plugin-react set size:undefined disposed:false
3173 http fetch GET 200 https://registry.npmjs.org/@next/swc-darwin-x64/-/swc-darwin-x64-14.2.5.tgz 17779ms (cache miss)
3174 http fetch GET 200 https://registry.npmjs.org/next/-/next-14.2.5.tgz 20827ms (cache miss)
3175 warn deprecated next@14.2.5: This version has a security vulnerability. Please upgrade to a patched version. See https://nextjs.org/blog/security-update-2025-12-11 for more details.
3176 info run unrs-resolver@1.11.1 postinstall node_modules/unrs-resolver napi-postinstall unrs-resolver 1.11.1 check
3177 info run unrs-resolver@1.11.1 postinstall { code: 0, signal: null }
3178 silly ADD node_modules/wrappy
3179 silly ADD node_modules/path-is-absolute
3180 silly ADD node_modules/once
3181 silly ADD node_modules/inherits
3182 silly ADD node_modules/inflight
3183 silly ADD node_modules/fs.realpath
3184 silly ADD node_modules/node-exports-info
3185 silly ADD node_modules/node-exports-info/node_modules/semver
3186 silly ADD node_modules/is-weakset
3187 silly ADD node_modules/is-weakmap
3188 silly ADD node_modules/is-map
3189 silly ADD node_modules/generator-function
3190 silly ADD node_modules/async-function
3191 silly ADD node_modules/which-collection
3192 silly ADD node_modules/is-generator-function
3193 silly ADD node_modules/is-finalizationregistry
3194 silly ADD node_modules/is-async-function
3195 silly ADD node_modules/is-number-object
3196 silly ADD node_modules/is-boolean-object
3197 silly ADD node_modules/is-bigint
3198 silly ADD node_modules/isexe
3199 silly ADD node_modules/punycode
3200 silly ADD node_modules/@emnapi/wasi-threads
3201 silly ADD node_modules/@tybys/wasm-util
3202 silly ADD node_modules/@emnapi/runtime
3203 silly ADD node_modules/@emnapi/core
3204 silly ADD node_modules/@napi-rs/wasm-runtime
3205 silly ADD node_modules/napi-postinstall
3206 silly ADD node_modules/@unrs/resolver-binding-win32-x64-msvc
3207 silly ADD node_modules/@unrs/resolver-binding-win32-ia32-msvc
3208 silly ADD node_modules/@unrs/resolver-binding-win32-arm64-msvc
3209 silly ADD node_modules/@unrs/resolver-binding-wasm32-wasi
3210 silly ADD node_modules/@unrs/resolver-binding-linux-x64-musl
3211 silly ADD node_modules/@unrs/resolver-binding-linux-x64-gnu
3212 silly ADD node_modules/@unrs/resolver-binding-linux-s390x-gnu
3213 silly ADD node_modules/@unrs/resolver-binding-linux-riscv64-musl
3214 silly ADD node_modules/@unrs/resolver-binding-linux-riscv64-gnu
3215 silly ADD node_modules/@unrs/resolver-binding-linux-ppc64-gnu
3216 silly ADD node_modules/@unrs/resolver-binding-linux-arm64-musl
3217 silly ADD node_modules/@unrs/resolver-binding-linux-arm64-gnu
3218 silly ADD node_modules/@unrs/resolver-binding-linux-arm-musleabihf
3219 silly ADD node_modules/@unrs/resolver-binding-linux-arm-gnueabihf
3220 silly ADD node_modules/@unrs/resolver-binding-freebsd-x64
3221 silly ADD node_modules/@unrs/resolver-binding-darwin-x64
3222 silly ADD node_modules/@unrs/resolver-binding-darwin-arm64
3223 silly ADD node_modules/@unrs/resolver-binding-android-arm64
3224 silly ADD node_modules/@unrs/resolver-binding-android-arm-eabi
3225 silly ADD node_modules/which-boxed-primitive
3226 silly ADD node_modules/has-bigints
3227 silly ADD node_modules/which-builtin-type
3228 silly ADD node_modules/reflect.getprototypeof
3229 silly ADD node_modules/for-each
3230 silly ADD node_modules/strip-bom
3231 silly ADD node_modules/minimist
3232 silly ADD node_modules/json5
3233 silly ADD node_modules/@types/json5
3234 silly ADD node_modules/is-number
3235 silly ADD node_modules/has-flag
3236 silly ADD node_modules/client-only
3237 silly ADD node_modules/ansi-regex
3238 silly ADD node_modules/is-fullwidth-code-point
3239 silly ADD node_modules/eastasianwidth
3240 silly ADD node_modules/side-channel-weakmap
3241 silly ADD node_modules/side-channel-map
3242 silly ADD node_modules/side-channel-list
3243 silly ADD node_modules/shebang-regex
3244 silly ADD node_modules/isarray
3245 silly ADD node_modules/queue-microtask
3246 silly ADD node_modules/supports-preserve-symlinks-flag
3247 silly ADD node_modules/path-parse
3248 silly ADD node_modules/scheduler
3249 silly ADD node_modules/js-tokens
3250 silly ADD node_modules/react-is
3251 silly ADD node_modules/object-assign
3252 silly ADD node_modules/loose-envify
3253 silly ADD node_modules/source-map-js
3254 silly ADD node_modules/picocolors
3255 silly ADD node_modules/nanoid
3256 silly ADD node_modules/lru-cache
3257 silly ADD node_modules/callsites
3258 silly ADD node_modules/yocto-queue
3259 silly ADD node_modules/p-limit
3260 silly ADD node_modules/word-wrap
3261 silly ADD node_modules/fast-levenshtein
3262 silly ADD node_modules/deep-is
3263 silly ADD node_modules/streamsearch
3264 silly ADD node_modules/tslib
3265 silly ADD node_modules/@swc/counter
3266 silly ADD node_modules/styled-jsx
3267 silly ADD node_modules/postcss
3268 silly ADD node_modules/graceful-fs
3269 silly ADD node_modules/caniuse-lite
3270 silly ADD node_modules/busboy
3271 silly ADD node_modules/@swc/helpers
3272 silly ADD node_modules/@next/swc-win32-x64-msvc
3273 silly ADD node_modules/@next/swc-win32-ia32-msvc
3274 silly ADD node_modules/@next/swc-win32-arm64-msvc
3275 silly ADD node_modules/@next/swc-linux-x64-musl
3276 silly ADD node_modules/@next/swc-linux-x64-gnu
3277 silly ADD node_modules/@next/swc-linux-arm64-musl
3278 silly ADD node_modules/@next/swc-linux-arm64-gnu
3279 silly ADD node_modules/@next/swc-darwin-x64
3280 silly ADD node_modules/@next/swc-darwin-arm64
3281 silly ADD node_modules/@next/env
3282 silly ADD node_modules/concat-map
3283 silly ADD node_modules/balanced-match
3284 silly ADD node_modules/brace-expansion
3285 silly ADD node_modules/to-regex-range
3286 silly ADD node_modules/fill-range
3287 silly ADD node_modules/picomatch
3288 silly ADD node_modules/braces
3289 silly ADD node_modules/p-locate
3290 silly ADD node_modules/type-check
3291 silly ADD node_modules/prelude-ls
3292 silly ADD node_modules/language-subtag-registry
3293 silly ADD node_modules/json-buffer
3294 silly ADD node_modules/argparse
3295 silly ADD node_modules/wrap-ansi-cjs
3296 silly ADD node_modules/wrap-ansi-cjs/node_modules/emoji-regex
3297 silly ADD node_modules/wrap-ansi-cjs/node_modules/string-width
3298 silly ADD node_modules/wrap-ansi
3299 silly ADD node_modules/wrap-ansi/node_modules/ansi-regex
3300 silly ADD node_modules/wrap-ansi/node_modules/strip-ansi
3301 silly ADD node_modules/wrap-ansi/node_modules/ansi-styles
3302 silly ADD node_modules/strip-ansi-cjs
3303 silly ADD node_modules/string-width-cjs
3304 silly ADD node_modules/string-width-cjs/node_modules/emoji-regex
3305 silly ADD node_modules/string-width
3306 silly ADD node_modules/string-width/node_modules/ansi-regex
3307 silly ADD node_modules/string-width/node_modules/strip-ansi
3308 silly ADD node_modules/@pkgjs/parseargs
3309 silly ADD node_modules/@isaacs/cliui
3310 silly ADD node_modules/@isaacs/cliui/node_modules/ansi-regex
3311 silly ADD node_modules/@isaacs/cliui/node_modules/strip-ansi
3312 silly ADD node_modules/set-function-name
3313 silly ADD node_modules/is-extglob
3314 silly ADD node_modules/side-channel
3315 silly ADD node_modules/resolve-from
3316 silly ADD node_modules/parent-module
3317 silly ADD node_modules/micromatch
3318 silly ADD node_modules/path-type
3319 silly ADD node_modules/slash
3320 silly ADD node_modules/merge2
3321 silly ADD node_modules/fast-glob
3322 silly ADD node_modules/fast-glob/node_modules/glob-parent
3323 silly ADD node_modules/dir-glob
3324 silly ADD node_modules/array-union
3325 silly ADD node_modules/type-fest
3326 silly ADD node_modules/signal-exit
3327 silly ADD node_modules/path-scurry
3328 silly ADD node_modules/minipass
3329 silly ADD node_modules/jackspeak
3330 silly ADD node_modules/foreground-child
3331 silly ADD node_modules/resolve-pkg-maps
3332 silly ADD node_modules/dunder-proto
3333 silly ADD node_modules/functions-have-names
3334 silly ADD node_modules/rimraf
3335 silly ADD node_modules/rimraf/node_modules/glob
3336 silly ADD node_modules/keyv
3337 silly ADD node_modules/flatted
3338 silly ADD node_modules/path-exists
3339 silly ADD node_modules/locate-path
3340 silly ADD node_modules/flat-cache
3341 silly ADD node_modules/reusify
3342 silly ADD node_modules/acorn-jsx
3343 silly ADD node_modules/acorn
3344 silly ADD node_modules/esrecurse
3345 silly ADD node_modules/iterator.prototype
3346 silly ADD node_modules/string.prototype.repeat
3347 silly ADD node_modules/string.prototype.matchall
3348 silly ADD node_modules/prop-types
3349 silly ADD node_modules/object.entries
3350 silly ADD node_modules/estraverse
3351 silly ADD node_modules/es-iterator-helpers
3352 silly ADD node_modules/array.prototype.tosorted
3353 silly ADD node_modules/array.prototype.findlast
3354 silly ADD node_modules/string.prototype.includes
3355 silly ADD node_modules/language-tags
3356 silly ADD node_modules/jsx-ast-utils
3357 silly ADD node_modules/emoji-regex
3358 silly ADD node_modules/damerau-levenshtein
3359 silly ADD node_modules/axobject-query
3360 silly ADD node_modules/axe-core
3361 silly ADD node_modules/ast-types-flow
3362 silly ADD node_modules/aria-query
3363 silly ADD node_modules/is-symbol
3364 silly ADD node_modules/is-date-object
3365 silly ADD node_modules/has-tostringtag
3366 silly ADD node_modules/possible-typed-array-names
3367 silly ADD node_modules/which-typed-array
3368 silly ADD node_modules/unbox-primitive
3369 silly ADD node_modules/typed-array-length
3370 silly ADD node_modules/typed-array-byte-offset
3371 silly ADD node_modules/typed-array-byte-length
3372 silly ADD node_modules/typed-array-buffer
3373 silly ADD node_modules/string.prototype.trimstart
3374 silly ADD node_modules/string.prototype.trim
3375 silly ADD node_modules/stop-iteration-iterator
3376 silly ADD node_modules/set-proto
3377 silly ADD node_modules/safe-regex-test
3378 silly ADD node_modules/safe-push-apply
3379 silly ADD node_modules/safe-array-concat
3380 silly ADD node_modules/regexp.prototype.flags
3381 silly ADD node_modules/own-keys
3382 silly ADD node_modules/object.assign
3383 silly ADD node_modules/object-inspect
3384 silly ADD node_modules/is-weakref
3385 silly ADD node_modules/is-typed-array
3386 silly ADD node_modules/is-shared-array-buffer
3387 silly ADD node_modules/is-set
3388 silly ADD node_modules/is-regex
3389 silly ADD node_modules/is-negative-zero
3390 silly ADD node_modules/is-data-view
3391 silly ADD node_modules/is-callable
3392 silly ADD node_modules/is-array-buffer
3393 silly ADD node_modules/internal-slot
3394 silly ADD node_modules/has-symbols
3395 silly ADD node_modules/has-proto
3396 silly ADD node_modules/globalthis
3397 silly ADD node_modules/get-symbol-description
3398 silly ADD node_modules/get-proto
3399 silly ADD node_modules/function.prototype.name
3400 silly ADD node_modules/es-to-primitive
3401 silly ADD node_modules/es-set-tostringtag
3402 silly ADD node_modules/data-view-byte-offset
3403 silly ADD node_modules/data-view-byte-length
3404 silly ADD node_modules/data-view-buffer
3405 silly ADD node_modules/available-typed-arrays
3406 silly ADD node_modules/arraybuffer.prototype.slice
3407 silly ADD node_modules/array-buffer-byte-length
3408 silly ADD node_modules/gopd
3409 silly ADD node_modules/object-keys
3410 silly ADD node_modules/has-property-descriptors
3411 silly ADD node_modules/define-data-property
3412 silly ADD node_modules/function-bind
3413 silly ADD node_modules/set-function-length
3414 silly ADD node_modules/es-define-property
3415 silly ADD node_modules/call-bind-apply-helpers
3416 silly ADD node_modules/es-shim-unscopables
3417 silly ADD node_modules/es-errors
3418 silly ADD node_modules/math-intrinsics
3419 silly ADD node_modules/is-string
3420 silly ADD node_modules/get-intrinsic
3421 silly ADD node_modules/es-object-atoms
3422 silly ADD node_modules/es-abstract
3423 silly ADD node_modules/define-properties
3424 silly ADD node_modules/call-bound
3425 silly ADD node_modules/call-bind
3426 silly ADD node_modules/tsconfig-paths
3427 silly ADD node_modules/string.prototype.trimend
3428 silly ADD node_modules/object.values
3429 silly ADD node_modules/object.groupby
3430 silly ADD node_modules/object.fromentries
3431 silly ADD node_modules/hasown
3432 silly ADD node_modules/eslint-module-utils
3433 silly ADD node_modules/eslint-module-utils/node_modules/debug
3434 silly ADD node_modules/array.prototype.flatmap
3435 silly ADD node_modules/array.prototype.flat
3436 silly ADD node_modules/array.prototype.findlastindex
3437 silly ADD node_modules/array-includes
3438 silly ADD node_modules/@rtsao/scc
3439 silly ADD node_modules/unrs-resolver
3440 silly ADD node_modules/tinyglobby
3441 silly ADD node_modules/tinyglobby/node_modules/picomatch
3442 silly ADD node_modules/tinyglobby/node_modules/fdir
3443 silly ADD node_modules/stable-hash
3444 silly ADD node_modules/is-bun-module
3445 silly ADD node_modules/get-tsconfig
3446 silly ADD node_modules/@nolyfill/is-core-module
3447 silly ADD node_modules/resolve
3448 silly ADD node_modules/is-core-module
3449 silly ADD node_modules/ts-api-utils
3450 silly ADD node_modules/semver
3451 silly ADD node_modules/globby
3452 silly ADD node_modules/@typescript-eslint/visitor-keys
3453 silly ADD node_modules/@typescript-eslint/typescript-estree
3454 silly ADD node_modules/@typescript-eslint/typescript-estree/node_modules/brace-expansion
3455 silly ADD node_modules/@typescript-eslint/typescript-estree/node_modules/minimatch
3456 silly ADD node_modules/@typescript-eslint/types
3457 silly ADD node_modules/@typescript-eslint/scope-manager
3458 silly ADD node_modules/glob
3459 silly ADD node_modules/glob/node_modules/brace-expansion
3460 silly ADD node_modules/glob/node_modules/minimatch
3461 silly ADD node_modules/eslint-plugin-react-hooks
3462 silly ADD node_modules/eslint-plugin-react
3463 silly ADD node_modules/eslint-plugin-react/node_modules/semver
3464 silly ADD node_modules/eslint-plugin-react/node_modules/resolve
3465 silly ADD node_modules/eslint-plugin-react/node_modules/doctrine
3466 silly ADD node_modules/eslint-plugin-jsx-a11y
3467 silly ADD node_modules/eslint-plugin-import
3468 silly ADD node_modules/eslint-plugin-import/node_modules/semver
3469 silly ADD node_modules/eslint-plugin-import/node_modules/doctrine
3470 silly ADD node_modules/eslint-plugin-import/node_modules/debug
3471 silly ADD node_modules/eslint-import-resolver-typescript
3472 silly ADD node_modules/eslint-import-resolver-node
3473 silly ADD node_modules/eslint-import-resolver-node/node_modules/debug
3474 silly ADD node_modules/@typescript-eslint/parser
3475 silly ADD node_modules/@rushstack/eslint-patch
3476 silly ADD node_modules/@next/eslint-plugin-next
3477 silly ADD node_modules/ms
3478 silly ADD node_modules/which
3479 silly ADD node_modules/shebang-command
3480 silly ADD node_modules/path-key
3481 silly ADD node_modules/color-name
3482 silly ADD node_modules/color-convert
3483 silly ADD node_modules/supports-color
3484 silly ADD node_modules/ansi-styles
3485 silly ADD node_modules/uri-js
3486 silly ADD node_modules/json-schema-traverse
3487 silly ADD node_modules/fast-json-stable-stringify
3488 silly ADD node_modules/run-parallel
3489 silly ADD node_modules/@nodelib/fs.stat
3490 silly ADD node_modules/fastq
3491 silly ADD node_modules/@nodelib/fs.scandir
3492 silly ADD node_modules/@humanwhocodes/object-schema
3493 silly ADD node_modules/strip-json-comments
3494 silly ADD node_modules/import-fresh
3495 silly ADD node_modules/text-table
3496 silly ADD node_modules/strip-ansi
3497 silly ADD node_modules/optionator
3498 silly ADD node_modules/natural-compare
3499 silly ADD node_modules/minimatch
3500 silly ADD node_modules/lodash.merge
3501 silly ADD node_modules/levn
3502 silly ADD node_modules/json-stable-stringify-without-jsonify
3503 silly ADD node_modules/js-yaml
3504 silly ADD node_modules/is-path-inside
3505 silly ADD node_modules/is-glob
3506 silly ADD node_modules/imurmurhash
3507 silly ADD node_modules/ignore
3508 silly ADD node_modules/graphemer
3509 silly ADD node_modules/globals
3510 silly ADD node_modules/glob-parent
3511 silly ADD node_modules/find-up
3512 silly ADD node_modules/file-entry-cache
3513 silly ADD node_modules/fast-deep-equal
3514 silly ADD node_modules/esutils
3515 silly ADD node_modules/esquery
3516 silly ADD node_modules/espree
3517 silly ADD node_modules/eslint-visitor-keys
3518 silly ADD node_modules/eslint-scope
3519 silly ADD node_modules/escape-string-regexp
3520 silly ADD node_modules/doctrine
3521 silly ADD node_modules/debug
3522 silly ADD node_modules/cross-spawn
3523 silly ADD node_modules/chalk
3524 silly ADD node_modules/ajv
3525 silly ADD node_modules/@ungap/structured-clone
3526 silly ADD node_modules/@nodelib/fs.walk
3527 silly ADD node_modules/@humanwhocodes/module-importer
3528 silly ADD node_modules/@humanwhocodes/config-array
3529 silly ADD node_modules/@eslint/js
3530 silly ADD node_modules/@eslint/eslintrc
3531 silly ADD node_modules/@eslint-community/regexpp
3532 silly ADD node_modules/@eslint-community/eslint-utils
3533 silly ADD node_modules/csstype
3534 silly ADD node_modules/@types/prop-types
3535 silly ADD node_modules/undici-types
3536 silly ADD node_modules/typescript
3537 silly ADD node_modules/react-dom
3538 silly ADD node_modules/react
3539 silly ADD node_modules/next
3540 silly ADD node_modules/eslint-config-next
3541 silly ADD node_modules/eslint
3542 silly ADD node_modules/@types/react-dom
3543 silly ADD node_modules/@types/react
3544 silly ADD node_modules/@types/node
3545 verbose cwd /Users/admin/Documents/codex/ekklesias
3546 verbose os Darwin 24.6.0
3547 verbose node v24.9.0
3548 verbose npm  v11.6.0
3549 notice
3549 notice New minor version of npm available! 11.6.0 -> 11.10.0
3549 notice Changelog: https://github.com/npm/cli/releases/tag/v11.10.0
3549 notice To update run: npm install -g npm@11.10.0
3549 notice  { force: true, Symbol(proc-log.meta): true }
3550 verbose exit 0
3551 info ok
